output,problem_statement,Sound Reasoning
"['First,', ""let's"", 'understand', 'the', 'given', 'statements:', '1.', 'Statement', '1:', 'Either', 'there', 'is', 'an', 'olive', 'marble', 'or', 'a', 'brown', 'marble,', 'but', 'not', 'both.', '2.', 'Statement', '2:', 'There', 'is', 'a', 'brown', 'marble', 'if', 'and', 'only', 'if', 'there', 'is', 'a', 'gray', 'marble.', '3.', 'Statement', '3:', 'Either', 'there', 'is', 'a', 'gray', 'marble', 'or', 'a', 'maroon', 'marble,', 'but', 'not', 'both.', ""Let's"", 'analyze', 'the', 'given', 'statements', 'and', 'the', 'conclusion:', 'Step', '1:', 'Negate', 'the', 'given', 'statement', '(since', 'the', 'conclusion', 'is', 'a', 'negation', 'of', 'the', 'given', 'statement):', 'If', 'there', 'is', 'an', 'olive', 'marble', 'in', 'the', 'box,', 'then', 'there', 'is', 'not', 'a', 'maroon', 'marble', 'in', 'the', 'box.', 'Step', '2:', 'Using', 'the', 'given', 'statements,', 'we', 'know', 'that', 'there', 'cannot', 'be', 'an', 'olive', 'marble', 'and', 'a', 'brown', 'marble', 'in', 'the', 'box', 'at', 'the', 'same', 'time.', 'Also,', 'there', 'cannot', 'be', 'a', 'gray', 'marble', 'and', 'a', 'maroon', 'marble', 'in', 'the', 'box', 'at', 'the', 'same', 'time.', 'Step', '3:', 'From', 'Statement', '2,', 'we', 'know', 'that', 'if', 'there', 'is', 'a', 'brown', 'marble,', 'then', 'there', 'is', 'a', 'gray', 'marble.', 'But', 'we', 'also', 'know', 'that', 'there', 'cannot', 'be', 'both', 'an', 'olive', 'marble', 'and', 'a', 'brown', 'marble', 'in', 'the', 'box.', 'So,', 'there', 'cannot', 'be', 'a', 'brown', 'marble', 'in', 'the', 'box.', 'Step', '4:', 'Since', 'there', 'is', 'no', 'brown', 'marble,', 'and', 'we', 'know', 'from', 'Statement', '2', 'that', 'a', 'brown', 'marble', 'is', 'necessary', 'for', 'a', 'gray', 'marble', 'to', 'be', 'in', 'the', 'box,', 'there', 'cannot', 'be', 'a', 'gray', 'marble', 'in', 'the', 'box', 'either.', 'Step', '5:', 'Now,', 'we', 'know', 'that', 'there', 'cannot', 'be', 'an', 'olive', 'marble,', 'a', 'brown', 'marble,', 'or', 'a', 'gray', 'marble', 'in', 'the', 'box.', 'The', 'only', 'remaining', 'option', 'is', 'a', 'maroon', 'marble.', 'Therefore,', 'Conclusion:', 'True.']","['Explain', 'whether', 'the', 'conclusion', 'logically', 'follows', 'from', 'the', 'set', 'of', 'statements', 'below.', 'Please', 'report', 'all', 'your', 'reasoning', 'steps.', 'End', 'your', 'reasoning', 'with:', 'Conclusion:', 'True/False.', 'Statements:', 'Either', 'there', 'is', 'an', 'olive', 'marble', 'in', 'the', 'box', 'or', 'else', 'there', 'is', 'a', 'brown', 'marble', 'in', 'the', 'box,', 'but', 'not', 'both', 'There', 'is', 'a', 'brown', 'marble', 'in', 'the', 'box', 'if', 'and', 'only', 'if', 'there', 'is', 'a', 'gray', 'marble', 'in', 'the', 'box', 'Either', 'there', 'is', 'a', 'gray', 'marble', 'in', 'the', 'box', 'or', 'else', 'there', 'is', 'a', 'maroon', 'marble', 'in', 'the', 'box,', 'but', 'not', 'both', 'Conclusion:', 'If', 'there', 'is', 'not', 'an', 'olive', 'marble', 'in', 'the', 'box', 'then', 'there', 'is', 'a', 'maroon', 'marble', 'in', 'the', 'box', ""Let's"", 'think', 'step', 'by', 'step.']",no
"['Sure,', ""I'd"", 'be', 'happy', 'to', 'help!', ""Here's"", 'my', 'reasoning', 'process', 'for', 'this', 'problem:', '1.', 'First,', ""I'll"", 'start', 'by', 'reading', 'the', 'statements', 'carefully:', 'Statement', '1:', 'There', 'is', 'a', 'brown', 'marble', 'in', 'the', 'box', 'if', 'and', 'only', 'if', 'there', 'is', 'an', 'orange', 'marble', 'in', 'the', 'box.', 'Statement', '2:', 'Either', 'there', 'is', 'an', 'orange', 'marble', 'in', 'the', 'box', 'or', 'else', 'there', 'is', 'a', 'yellow', 'marble', 'in', 'the', 'box,', 'but', 'not', 'both.', 'Statement', '3:', 'There', 'is', 'a', 'yellow', 'marble', 'in', 'the', 'box', 'if', 'and', 'only', 'if', 'there', 'is', 'a', 'green', 'marble', 'in', 'the', 'box.', '2.', 'Next,', ""I'll"", 'try', 'to', 'understand', 'the', 'relationships', 'between', 'the', 'statements.', 'It', 'seems', 'like', 'Statement', '1', 'and', 'Statement', '3', 'are', 'talking', 'about', 'different', 'colors', 'of', 'marbles,', 'while', 'Statement', '2', 'is', 'talking', 'about', 'the', 'existence', 'of', 'orange', 'and', 'yellow', 'marbles.', '3.', 'Now,', ""let's"", 'think', 'about', 'the', 'conclusion:', 'If', 'there', 'is', 'a', 'brown', 'marble', 'in', 'the', 'box', 'then', 'there', 'is', 'a', 'green', 'marble', 'in', 'the', 'box.', '4.', 'To', 'determine', 'whether', 'this', 'conclusion', 'logically', 'follows', 'from', 'the', 'statements,', ""I'll"", 'try', 'to', 'prove', 'it', 'using', 'the', 'given', 'information.', '5.', 'Suppose', 'there', 'is', 'a', 'brown', 'marble', 'in', 'the', 'box.', 'According', 'to', 'Statement', '1,', 'this', 'means', 'there', 'is', 'an', 'orange', 'marble', 'in', 'the', 'box.', '6.', 'Now,', ""let's"", 'consider', 'Statement', '2.', 'Since', 'there', 'is', 'an', 'orange', 'marble', 'in', 'the', 'box,', ""it's"", 'not', 'possible', 'for', 'there', 'to', 'be', 'a', 'yellow', 'marble', 'in', 'the', 'box', '(otherwise,', 'Statement', '2', 'would', 'be', 'violated).', '7.', 'Therefore,', 'the', 'only', 'possibility', 'left', 'is', 'that', 'there', 'is', 'a', 'green', 'marble', 'in', 'the', 'box,', 'which', 'is', 'exactly', 'what', 'Statement', '3', 'says.', '8.', 'So,', 'by', 'following', 'the', 'logical', 'implications', 'of', 'the', 'statements,', ""we've"", 'reached', 'the', 'conclusion', 'that', 'if', 'there', 'is', 'a', 'brown', 'marble', 'in', 'the', 'box,', 'then', 'there', 'is', 'a', 'green', 'marble', 'in', 'the', 'box.', 'Conclusion:', 'True.', 'I', 'hope', 'this', 'explanation', 'helps', 'you', 'understand', 'my', 'reasoning', 'process!']","['Explain', 'whether', 'the', 'conclusion', 'logically', 'follows', 'from', 'the', 'set', 'of', 'statements', 'below.', 'Please', 'report', 'all', 'your', 'reasoning', 'steps.', 'End', 'your', 'reasoning', 'with:', 'Conclusion:', 'True/False.', 'Statements:', 'There', 'is', 'a', 'brown', 'marble', 'in', 'the', 'box', 'if', 'and', 'only', 'if', 'there', 'is', 'an', 'orange', 'marble', 'in', 'the', 'box', 'Either', 'there', 'is', 'an', 'orange', 'marble', 'in', 'the', 'box', 'or', 'else', 'there', 'is', 'a', 'yellow', 'marble', 'in', 'the', 'box,', 'but', 'not', 'both', 'There', 'is', 'a', 'yellow', 'marble', 'in', 'the', 'box', 'if', 'and', 'only', 'if', 'there', 'is', 'a', 'green', 'marble', 'in', 'the', 'box', 'Conclusion:', 'If', 'there', 'is', 'a', 'brown', 'marble', 'in', 'the', 'box', 'then', 'there', 'is', 'a', 'green', 'marble', 'in', 'the', 'box', ""Let's"", 'think', 'step', 'by', 'step.']",no
"['Great!', ""I'm"", 'ready', 'to', 'solve', 'this', 'logical', 'reasoning', 'problem.', ""Here's"", 'my', 'reasoning', 'process:', '1.', 'Statement', '1:', '""There', 'is', 'a', 'red', 'marble', 'in', 'the', 'box', 'if', 'and', 'only', 'if', 'there', 'is', 'a', 'maroon', 'marble', 'in', 'the', 'box.""', 'I', 'understand', 'this', 'statement', 'to', 'mean', 'that', 'if', 'there', 'is', 'a', 'red', 'marble', 'in', 'the', 'box,', 'then', 'there', 'must', 'also', 'be', 'a', 'maroon', 'marble', 'in', 'the', 'box.', 'I', 'will', 'mark', 'this', 'as', 'True.', '2.', 'Statement', '2:', '""Either', 'there', 'is', 'a', 'green', 'marble', 'in', 'the', 'box', 'or', 'else', 'there', 'is', 'an', 'olive', 'marble', 'in', 'the', 'box,', 'but', 'not', 'both.""', 'I', 'understand', 'this', 'statement', 'to', 'mean', 'that', 'there', 'can', 'only', 'be', 'either', 'a', 'green', 'marble', 'or', 'an', 'olive', 'marble', 'in', 'the', 'box,', 'but', 'not', 'both.', 'I', 'will', 'mark', 'this', 'as', 'True.', '3.', 'Statement', '3:', '""There', 'is', 'a', 'maroon', 'marble', 'in', 'the', 'box', 'if', 'and', 'only', 'if', 'there', 'is', 'a', 'green', 'marble', 'in', 'the', 'box.""', 'I', 'understand', 'this', 'statement', 'to', 'mean', 'that', 'if', 'there', 'is', 'a', 'maroon', 'marble', 'in', 'the', 'box,', 'then', 'there', 'must', 'also', 'be', 'a', 'green', 'marble', 'in', 'the', 'box.', 'I', 'will', 'mark', 'this', 'as', 'True.', '4.', 'Statement', '4:', '""Either', 'there', 'is', 'an', 'olive', 'marble', 'in', 'the', 'box', 'or', 'else', 'there', 'is', 'a', 'brown', 'marble', 'in', 'the', 'box,', 'but', 'not', 'both.""', 'I', 'understand', 'this', 'statement', 'to', 'mean', 'that', 'there', 'can', 'only', 'be', 'either', 'an', 'olive', 'marble', 'or', 'a', 'brown', 'marble', 'in', 'the', 'box,', 'but', 'not', 'both.', 'I', 'will', 'mark', 'this', 'as', 'True.', '5.', 'Conclusion:', '""If', 'there', 'is', 'a', 'red', 'marble', 'in', 'the', 'box', 'then', 'there', 'is', 'a', 'brown', 'marble', 'in', 'the', 'box.""', 'Now,', ""let's"", 'apply', 'the', 'statements', 'to', 'the', 'conclusion.', 'If', 'there', 'is', 'a', 'red', 'marble', 'in', 'the', 'box', '(according', 'to', 'statement', '1),', 'then', 'there', 'must', 'also', 'be', 'a', 'maroon', 'marble', 'in', 'the', 'box', '(according', 'to', 'statement', '3).', 'And', 'if', 'there', 'is', 'a', 'maroon', 'marble', 'in', 'the', 'box,', 'then', 'there', 'must', 'also', 'be', 'a', 'green', 'marble', 'in', 'the', 'box', '(according', 'to', 'statement', '3).', 'Therefore,', 'if', 'there', 'is', 'a', 'red', 'marble', 'in', 'the', 'box,', 'there', 'must', 'also', 'be', 'a', 'green', 'marble', 'in', 'the', 'box', '(according', 'to', 'statement', '3).', 'However,', 'according', 'to', 'statement', '4,', 'there', 'cannot', 'be', 'both', 'an', 'olive', 'marble', 'and', 'a', 'brown', 'marble', 'in', 'the', 'box.', 'Therefore,', 'if', 'there', 'is', 'a', 'red', 'marble', 'in', 'the', 'box,', 'there', 'cannot', 'be', 'a', 'brown', 'marble', 'in', 'the', 'box.', 'So,', 'based', 'on', 'the', 'above', 'reasoning,', 'the', 'conclusion', '""If', 'there', 'is', 'a', 'red', 'marble', 'in', 'the', 'box', 'then', 'there', 'is', 'a', 'brown', 'marble', 'in', 'the', 'box""', 'is', 'False.', 'Conclusion:', 'False']","['Explain', 'whether', 'the', 'conclusion', 'logically', 'follows', 'from', 'the', 'set', 'of', 'statements', 'below.', 'Please', 'report', 'all', 'your', 'reasoning', 'steps.', 'End', 'your', 'reasoning', 'with:', 'Conclusion:', 'True/False.', 'Statements:', 'There', 'is', 'a', 'red', 'marble', 'in', 'the', 'box', 'if', 'and', 'only', 'if', 'there', 'is', 'a', 'maroon', 'marble', 'in', 'the', 'box', 'Either', 'there', 'is', 'a', 'green', 'marble', 'in', 'the', 'box', 'or', 'else', 'there', 'is', 'an', 'olive', 'marble', 'in', 'the', 'box,', 'but', 'not', 'both', 'There', 'is', 'a', 'maroon', 'marble', 'in', 'the', 'box', 'if', 'and', 'only', 'if', 'there', 'is', 'a', 'green', 'marble', 'in', 'the', 'box', 'Either', 'there', 'is', 'an', 'olive', 'marble', 'in', 'the', 'box', 'or', 'else', 'there', 'is', 'a', 'brown', 'marble', 'in', 'the', 'box,', 'but', 'not', 'both', 'Conclusion:', 'If', 'there', 'is', 'a', 'red', 'marble', 'in', 'the', 'box', 'then', 'there', 'is', 'a', 'brown', 'marble', 'in', 'the', 'box', ""Let's"", 'think', 'step', 'by', 'step.']",no
"['Okay,', ""I'm"", 'ready', 'to', 'tackle', 'this', 'problem!', 'Here', 'are', 'my', 'thoughts', 'as', 'I', 'work', 'through', 'the', 'problem:', 'Step', '1:', 'I', 'read', 'the', 'statements', 'carefully', 'and', 'understand', 'them.', 'Step', '2:', 'I', 'see', 'that', 'the', 'first', 'two', 'statements', 'are', 'contradictory,', 'meaning', 'that', 'if', 'one', 'is', 'true,', 'the', 'other', 'must', 'be', 'false,', 'and', 'vice', 'versa.', 'Step', '3:', 'I', 'apply', 'the', 'third', 'statement,', '""There', 'is', 'a', 'pink', 'marble', 'in', 'the', 'box', 'if', 'and', 'only', 'if', 'there', 'is', 'a', 'gray', 'marble', 'in', 'the', 'box.""', 'I', 'realize', 'that', 'if', 'there', 'is', 'a', 'white', 'marble', 'in', 'the', 'box,', 'then', 'there', 'is', 'no', 'gray', 'marble', 'in', 'the', 'box,', 'so', 'the', 'conclusion', '""If', 'there', 'is', 'a', 'white', 'marble', 'in', 'the', 'box', 'then', 'there', 'is', 'a', 'gray', 'marble', 'in', 'the', 'box""', 'cannot', 'be', 'true.', 'Step', '4:', 'I', 'see', 'that', 'the', 'conclusion', '""If', 'there', 'is', 'a', 'white', 'marble', 'in', 'the', 'box', 'then', 'there', 'is', 'a', 'gray', 'marble', 'in', 'the', 'box""', 'logically', 'follows', 'from', 'the', 'first', 'two', 'statements,', 'but', 'not', 'from', 'the', 'third', 'statement.', 'Conclusion:', 'True.', 'Therefore,', 'the', 'conclusion', 'logically', 'follows', 'from', 'the', 'set', 'of', 'statements', 'provided.']","['Explain', 'whether', 'the', 'conclusion', 'logically', 'follows', 'from', 'the', 'set', 'of', 'statements', 'below.', 'Please', 'report', 'all', 'your', 'reasoning', 'steps.', 'End', 'your', 'reasoning', 'with:', 'Conclusion:', 'True/False.', 'Statements:', 'Either', 'there', 'is', 'a', 'white', 'marble', 'in', 'the', 'box', 'or', 'else', 'there', 'is', 'a', 'black', 'marble', 'in', 'the', 'box,', 'but', 'not', 'both', 'Either', 'there', 'is', 'a', 'black', 'marble', 'in', 'the', 'box', 'or', 'else', 'there', 'is', 'a', 'pink', 'marble', 'in', 'the', 'box,', 'but', 'not', 'both', 'There', 'is', 'a', 'pink', 'marble', 'in', 'the', 'box', 'if', 'and', 'only', 'if', 'there', 'is', 'a', 'gray', 'marble', 'in', 'the', 'box', 'Conclusion:', 'If', 'there', 'is', 'a', 'white', 'marble', 'in', 'the', 'box', 'then', 'there', 'is', 'a', 'gray', 'marble', 'in', 'the', 'box', ""Let's"", 'think', 'step', 'by', 'step.']",no
"['Step', '1:', 'Understand', 'the', 'given', 'statements.', 'The', 'first', 'statement', 'means', 'that', 'the', 'box', 'contains', 'either', 'an', 'olive', 'marble', 'or', 'a', 'brown', 'marble,', 'but', 'not', 'both.', 'The', 'second', 'statement', 'states', 'that', 'there', 'is', 'a', 'brown', 'marble', 'in', 'the', 'box', 'if', 'and', 'only', 'if', 'there', 'is', 'a', 'gray', 'marble', 'in', 'the', 'box.', 'This', 'is', 'equivalent', 'to', 'saying', 'that', 'if', 'there', 'is', 'a', 'brown', 'marble,', 'then', 'there', 'is', 'a', 'gray', 'marble,', 'and', 'if', 'there', 'is', 'no', 'brown', 'marble,', 'then', 'there', 'is', 'no', 'gray', 'marble.', 'The', 'third', 'statement', 'means', 'that', 'the', 'box', 'contains', 'either', 'a', 'gray', 'marble', 'or', 'a', 'maroon', 'marble,', 'but', 'not', 'both.', 'Step', '2:', 'Analyze', 'the', 'conclusion.', 'The', 'conclusion', 'states', 'that', 'if', 'there', 'is', 'not', 'an', 'olive', 'marble', 'in', 'the', 'box,', 'then', 'there', 'is', 'a', 'maroon', 'marble', 'in', 'the', 'box.', 'Step', '3:', 'Reason', 'through', 'the', 'possible', 'scenarios.', 'Scenario', '1:', 'If', 'there', 'is', 'an', 'olive', 'marble', 'in', 'the', 'box,', 'then', 'the', 'conclusion', 'does', 'not', 'apply.', 'Scenario', '2:', 'If', 'there', 'is', 'no', 'olive', 'marble', 'in', 'the', 'box,', 'we', 'need', 'to', 'check', 'if', 'there', 'is', 'a', 'maroon', 'marble.', 'Since', 'the', 'box', 'can', 'only', 'contain', 'either', 'a', 'gray', 'marble', 'or', 'a', 'maroon', 'marble', '(according', 'to', 'the', 'third', 'statement),', 'we', 'can', 'check', 'the', 'second', 'statement', 'to', 'see', 'if', 'the', 'presence', 'of', 'a', 'gray', 'marble', 'implies', 'the', 'presence', 'of', 'a', 'brown', 'marble', '(which,', 'in', 'turn,', 'implies', 'the', 'presence', 'of', 'a', 'maroon', 'marble', 'due', 'to', 'the', 'first', 'statement).', 'Step', '4:', 'Apply', 'the', 'given', 'statements', 'to', 'the', 'scenario.', 'Since', 'the', 'second', 'statement', 'states', 'that', 'there', 'is', 'a', 'brown', 'marble', 'in', 'the', 'box', 'if', 'and', 'only', 'if', 'there', 'is', 'a', 'gray', 'marble', 'in', 'the', 'box,', 'we', 'can', 'conclude', 'that', 'if', 'there', 'is', 'a', 'gray', 'marble,', 'then', 'there', 'is', 'a', 'brown', 'marble,', 'and', 'if', 'there', 'is', 'no', 'gray', 'marble,', 'then', 'there', 'is', 'no', 'brown', 'marble.', 'Step', '5:', 'Determine', 'the', ""conclusion's"", 'validity.', 'If', 'there', 'is', 'no', 'olive', 'marble', '(scenario', '2),', 'and', 'there', 'is', 'a', 'gray', 'marble', '(which', 'would', 'imply', 'a', 'brown', 'marble', 'due', 'to', 'the', 'second', 'statement),', 'then', 'the', 'conclusion', 'would', 'be', 'true', '(maroon', 'marble', 'is', 'in', 'the', 'box).', 'If', 'there', 'is', 'no', 'olive', 'marble', '(scenario', '2),', 'and', 'there', 'is', 'no', 'gray', 'marble,', 'then', 'the', 'conclusion', 'would', 'be', 'false', '(maroon', 'marble', 'is', 'not', 'in', 'the', 'box).', 'Therefore,', 'the', 'conclusion', 'is', 'conditional', 'on', 'the', 'absence', 'of', 'an', 'olive', 'marble', 'and', 'the', 'presence', 'of', 'either', 'a', 'gray', 'or', 'a', 'maroon', 'marble.', 'Conclusion:', 'The', 'conclusion', 'is', 'true', 'if', 'there', 'is', 'a', 'gray', 'marble', 'in', 'the', 'box,', 'and', 'false', 'if', 'there', 'is', 'no', 'gray', 'marble', 'in', 'the', 'box.']","['Explain', 'whether', 'the', 'conclusion', 'logically', 'follows', 'from', 'the', 'set', 'of', 'statements', 'below.', 'Please', 'report', 'all', 'your', 'reasoning', 'steps.', 'End', 'your', 'reasoning', 'with:', 'Conclusion:', 'True/False.', 'Statements:', 'Either', 'there', 'is', 'an', 'olive', 'marble', 'in', 'the', 'box', 'or', 'else', 'there', 'is', 'a', 'brown', 'marble', 'in', 'the', 'box,', 'but', 'not', 'both', 'There', 'is', 'a', 'brown', 'marble', 'in', 'the', 'box', 'if', 'and', 'only', 'if', 'there', 'is', 'a', 'gray', 'marble', 'in', 'the', 'box', 'Either', 'there', 'is', 'a', 'gray', 'marble', 'in', 'the', 'box', 'or', 'else', 'there', 'is', 'a', 'maroon', 'marble', 'in', 'the', 'box,', 'but', 'not', 'both', 'Conclusion:', 'If', 'there', 'is', 'not', 'an', 'olive', 'marble', 'in', 'the', 'box', 'then', 'there', 'is', 'a', 'maroon', 'marble', 'in', 'the', 'box', ""Let's"", 'think', 'step', 'by', 'step.']",no
"['To', 'determine', 'whether', 'the', 'conclusion', 'follows', 'logically', 'from', 'the', 'statements,', 'we', 'need', 'to', 'analyze', 'each', 'statement', 'and', 'see', 'how', 'they', 'relate', 'to', 'the', 'conclusion.', 'First,', ""let's"", 'look', 'at', 'the', 'statements:', '1.', 'Either', 'there', 'is', 'a', 'white', 'marble', 'in', 'the', 'box', 'or', 'else', 'there', 'is', 'a', 'black', 'marble', 'in', 'the', 'box,', 'but', 'not', 'both.', '2.', 'Either', 'there', 'is', 'a', 'black', 'marble', 'in', 'the', 'box', 'or', 'else', 'there', 'is', 'a', 'pink', 'marble', 'in', 'the', 'box,', 'but', 'not', 'both.', '3.', 'There', 'is', 'a', 'pink', 'marble', 'in', 'the', 'box', 'if', 'and', 'only', 'if', 'there', 'is', 'a', 'gray', 'marble', 'in', 'the', 'box.', 'Now,', ""let's"", 'see', 'how', 'these', 'statements', 'relate', 'to', 'the', 'conclusion:', 'If', 'there', 'is', 'a', 'white', 'marble', 'in', 'the', 'box,', 'then', 'there', 'is', 'a', 'gray', 'marble', 'in', 'the', 'box', '(conclusion).', 'We', 'can', 'see', 'that', 'the', 'conclusion', 'is', 'related', 'to', 'the', 'first', 'statement.', 'If', 'there', 'is', 'a', 'white', 'marble', 'in', 'the', 'box,', 'then', 'the', 'first', 'statement', 'tells', 'us', 'that', 'there', 'cannot', 'be', 'a', 'black', 'marble', 'in', 'the', 'box.', 'This', 'is', 'important', 'because', 'we', 'need', 'to', 'make', 'sure', 'that', 'the', 'second', 'statement', 'does', 'not', 'contradict', 'this.', ""Let's"", 'look', 'at', 'the', 'second', 'statement:', 'Either', 'there', 'is', 'a', 'black', 'marble', 'in', 'the', 'box', 'or', 'else', 'there', 'is', 'a', 'pink', 'marble', 'in', 'the', 'box,', 'but', 'not', 'both.', 'If', 'there', 'is', 'a', 'white', 'marble', 'in', 'the', 'box,', 'then', 'we', 'know', 'that', 'there', 'cannot', 'be', 'a', 'black', 'marble', 'in', 'the', 'box.', 'This', 'means', 'that', 'there', 'must', 'be', 'a', 'pink', 'marble', 'in', 'the', 'box,', 'according', 'to', 'the', 'second', 'statement.', 'But', 'what', 'does', 'this', 'have', 'to', 'do', 'with', 'the', 'conclusion?', 'Well,', ""let's"", 'look', 'at', 'the', 'third', 'statement:', 'There', 'is', 'a', 'pink', 'marble', 'in', 'the', 'box', 'if', 'and', 'only', 'if', 'there', 'is', 'a', 'gray', 'marble', 'in', 'the', 'box.', 'If', 'there', 'is', 'a', 'pink', 'marble', 'in', 'the', 'box,', 'then', 'there', 'must', 'be', 'a', 'gray', 'marble', 'in', 'the', 'box,', 'according', 'to', 'the', 'third', 'statement.', 'This', 'is', 'exactly', 'what', 'we', 'need', 'to', 'prove', 'the', 'conclusion!', 'So,', 'if', 'there', 'is', 'a', 'white', 'marble', 'in', 'the', 'box,', 'then', 'there', 'cannot', 'be', 'a', 'black', 'marble', 'in', 'the', 'box', '(first', 'statement),', 'and', 'we', 'know', 'that', 'there', 'must', 'be', 'a', 'pink', 'marble', 'in', 'the', 'box', '(second', 'statement).', 'And', 'if', 'there', 'is', 'a', 'pink', 'marble', 'in', 'the', 'box,', 'then', 'there', 'must', 'be', 'a', 'gray', 'marble', 'in', 'the', 'box', '(third', 'statement).', 'Therefore,', 'if', 'there', 'is', 'a', 'white', 'marble', 'in', 'the', 'box,', 'then', 'there', 'must', 'be', 'a', 'gray', 'marble', 'in', 'the', 'box.', 'Conclusion:', 'True.']","['Explain', 'whether', 'the', 'conclusion', 'logically', 'follows', 'from', 'the', 'set', 'of', 'statements', 'below.', 'Please', 'report', 'all', 'your', 'reasoning', 'steps.', 'End', 'your', 'reasoning', 'with:', 'Conclusion:', 'True/False.', 'Statements:', 'Either', 'there', 'is', 'a', 'white', 'marble', 'in', 'the', 'box', 'or', 'else', 'there', 'is', 'a', 'black', 'marble', 'in', 'the', 'box,', 'but', 'not', 'both', 'Either', 'there', 'is', 'a', 'black', 'marble', 'in', 'the', 'box', 'or', 'else', 'there', 'is', 'a', 'pink', 'marble', 'in', 'the', 'box,', 'but', 'not', 'both', 'There', 'is', 'a', 'pink', 'marble', 'in', 'the', 'box', 'if', 'and', 'only', 'if', 'there', 'is', 'a', 'gray', 'marble', 'in', 'the', 'box', 'Conclusion:', 'If', 'there', 'is', 'a', 'white', 'marble', 'in', 'the', 'box', 'then', 'there', 'is', 'a', 'gray', 'marble', 'in', 'the', 'box', ""Let's"", 'think', 'step', 'by', 'step.', '<|assistant|>']",yes
"['Great!', ""I'm"", 'ready', 'to', 'tackle', 'this', 'problem.', 'Here', 'are', 'my', 'reasoning', 'steps:', '1.', 'Statement', '1:', '""There', 'is', 'a', 'brown', 'marble', 'in', 'the', 'box', 'if', 'and', 'only', 'if', 'there', 'is', 'a', 'yellow', 'marble', 'in', 'the', 'box.""', 'I', 'understand', 'this', 'statement', 'to', 'mean', 'that', 'if', 'there', 'is', 'a', 'brown', 'marble', 'in', 'the', 'box,', 'then', 'there', 'must', 'also', 'be', 'a', 'yellow', 'marble', 'in', 'the', 'box,', 'and', 'vice', 'versa.', 'I', 'will', 'label', 'this', 'statement', 'as', '""S1"".', '2.', 'Statement', '2:', '""Either', 'there', 'is', 'a', 'yellow', 'marble', 'in', 'the', 'box', 'or', 'else', 'there', 'is', 'a', 'green', 'marble', 'in', 'the', 'box,', 'but', 'not', 'both.""', 'This', 'statement', 'tells', 'me', 'that', 'there', 'are', 'only', 'two', 'possibilities', 'for', 'marbles', 'in', 'the', 'box:', 'either', 'there', 'is', 'a', 'yellow', 'marble', 'or', 'there', 'is', 'a', 'green', 'marble,', 'but', 'not', 'both.', 'I', 'will', 'label', 'this', 'statement', 'as', '""S2"".', '3.', 'Statement', '3:', '""There', 'is', 'a', 'green', 'marble', 'in', 'the', 'box', 'if', 'and', 'only', 'if', 'there', 'is', 'a', 'purple', 'marble', 'in', 'the', 'box.""', 'This', 'statement', 'tells', 'me', 'that', 'if', 'there', 'is', 'a', 'green', 'marble', 'in', 'the', 'box,', 'then', 'there', 'must', 'also', 'be', 'a', 'purple', 'marble', 'in', 'the', 'box,', 'and', 'vice', 'versa.', 'I', 'will', 'label', 'this', 'statement', 'as', '""S3"".', '4.', 'Statement', '4:', '""There', 'is', 'a', 'purple', 'marble', 'in', 'the', 'box', 'if', 'and', 'only', 'if', 'there', 'is', 'an', 'olive', 'marble', 'in', 'the', 'box.""', 'This', 'statement', 'tells', 'me', 'that', 'if', 'there', 'is', 'a', 'purple', 'marble', 'in', 'the', 'box,', 'then', 'there', 'must', 'also', 'be', 'an', 'olive', 'marble', 'in', 'the', 'box,', 'and', 'vice', 'versa.', 'I', 'will', 'label', 'this', 'statement', 'as', '""S4"".', 'Now,', ""let's"", 'move', 'on', 'to', 'the', 'conclusion:', 'Conclusion:', 'If', 'there', 'is', 'a', 'brown', 'marble', 'in', 'the', 'box', 'then', 'there', 'is', 'an', 'olive', 'marble', 'in', 'the', 'box.', 'To', 'determine', 'if', 'this', 'conclusion', 'logically', 'follows', 'from', 'the', 'given', 'statements,', 'I', 'will', 'use', 'a', 'truth', 'table:', '|', '|', 'S1', '|', 'S2', '|', 'S3', '|', 'S4', '|', 'Conclusion', '|', '|', '---', '|', '---', '|', '---', '|', '---', '|', '---', '|', '---', '|', '|', 'T', '|', 'T', '|', 'T', '|', 'T', '|', 'T', '|', 'T', '|', '|', 'F', '|', 'F', '|', 'T', '|', 'F', '|', 'F', '|', 'F', '|', '|', 'T', '|', 'T', '|', 'F', '|', 'T', '|', 'T', '|', 'T', '|', '|', 'F', '|', 'F', '|', 'F', '|', 'F', '|', 'T', '|', 'F', '|', 'In', 'this', 'table,', '""T""', 'represents', '""True""', 'and', '""F""', 'represents', '""False"".', 'From', 'the', 'table,', 'we', 'can', 'see', 'that', 'the', 'conclusion', 'logically', 'follows', 'from', 'the', 'given', 'statements.', 'Therefore,', 'I', 'will', 'answer:', 'Conclusion:', 'True']","['Explain', 'whether', 'the', 'conclusion', 'logically', 'follows', 'from', 'the', 'set', 'of', 'statements', 'below.', 'Please', 'report', 'all', 'your', 'reasoning', 'steps.', 'End', 'your', 'reasoning', 'with:', 'Conclusion:', 'True/False.', 'Statements:', 'There', 'is', 'a', 'brown', 'marble', 'in', 'the', 'box', 'if', 'and', 'only', 'if', 'there', 'is', 'a', 'yellow', 'marble', 'in', 'the', 'box', 'Either', 'there', 'is', 'a', 'yellow', 'marble', 'in', 'the', 'box', 'or', 'else', 'there', 'is', 'a', 'green', 'marble', 'in', 'the', 'box,', 'but', 'not', 'both', 'There', 'is', 'a', 'green', 'marble', 'in', 'the', 'box', 'if', 'and', 'only', 'if', 'there', 'is', 'a', 'purple', 'marble', 'in', 'the', 'box', 'There', 'is', 'a', 'purple', 'marble', 'in', 'the', 'box', 'if', 'and', 'only', 'if', 'there', 'is', 'an', 'olive', 'marble', 'in', 'the', 'box', 'Conclusion:', 'If', 'there', 'is', 'a', 'brown', 'marble', 'in', 'the', 'box', 'then', 'there', 'is', 'an', 'olive', 'marble', 'in', 'the', 'box', ""Let's"", 'think', 'step', 'by', 'step.']",no
"['Sure!', ""Let's"", 'break', 'this', 'down', 'step', 'by', 'step.', '1.', '""There', 'is', 'a', 'purple', 'marble', 'in', 'the', 'box', 'if', 'and', 'only', 'if', 'there', 'is', 'a', 'yellow', 'marble', 'in', 'the', 'box""', 'This', 'statement', 'implies', 'that', 'the', 'presence', 'of', 'a', 'purple', 'marble', 'is', 'dependent', 'on', 'the', 'presence', 'of', 'a', 'yellow', 'marble.', 'If', 'there', 'is', 'no', 'yellow', 'marble,', 'there', 'cannot', 'be', 'a', 'purple', 'marble.', '2.', '""There', 'is', 'a', 'yellow', 'marble', 'in', 'the', 'box', 'if', 'and', 'only', 'if', 'there', 'is', 'a', 'blue', 'marble', 'in', 'the', 'box""', 'This', 'statement', 'implies', 'that', 'the', 'presence', 'of', 'a', 'yellow', 'marble', 'is', 'dependent', 'on', 'the', 'presence', 'of', 'a', 'blue', 'marble.', 'If', 'there', 'is', 'no', 'blue', 'marble,', 'there', 'cannot', 'be', 'a', 'yellow', 'marble.', '3.', '""Either', 'there', 'is', 'a', 'blue', 'marble', 'in', 'the', 'box', 'or', 'else', 'there', 'is', 'an', 'orange', 'marble', 'in', 'the', 'box,', 'but', 'not', 'both""', 'This', 'statement', 'implies', 'that', 'the', 'presence', 'of', 'a', 'blue', 'marble', 'or', 'an', 'orange', 'marble', 'is', 'mutually', 'exclusive.', 'If', 'there', 'is', 'a', 'blue', 'marble,', 'there', 'cannot', 'be', 'an', 'orange', 'marble,', 'and', 'vice', 'versa.', 'Now,', ""let's"", 'consider', 'the', 'conclusion:', '""Either', 'there', 'is', 'a', 'purple', 'marble', 'in', 'the', 'box', 'or', 'else', 'there', 'is', 'an', 'orange', 'marble', 'in', 'the', 'box,', 'but', 'not', 'both""', 'Based', 'on', 'the', 'statements', 'provided,', 'we', 'can', 'conclude', 'that', 'if', 'there', 'is', 'a', 'purple', 'marble', 'in', 'the', 'box,', 'then', 'there', 'must', 'be', 'a', 'yellow', 'marble', 'in', 'the', 'box', '(from', 'statement', '1).', 'If', 'there', 'is', 'a', 'yellow', 'marble', 'in', 'the', 'box,', 'then', 'there', 'must', 'be', 'a', 'blue', 'marble', 'in', 'the', 'box', '(from', 'statement', '2).', 'If', 'there', 'is', 'a', 'blue', 'marble', 'in', 'the', 'box,', 'then', 'there', 'cannot', 'be', 'an', 'orange', 'marble', 'in', 'the', 'box', '(from', 'statement', '3).', 'Therefore,', 'if', 'there', 'is', 'a', 'purple', 'marble', 'in', 'the', 'box,', 'then', 'there', 'cannot', 'be', 'an', 'orange', 'marble', 'in', 'the', 'box.', 'This', 'means', 'that', 'the', 'conclusion', '""Either', 'there', 'is', 'a', 'purple', 'marble', 'in', 'the', 'box', 'or', 'else', 'there', 'is', 'an', 'orange', 'marble', 'in', 'the', 'box,', 'but', 'not', 'both""', 'logically', 'follows', 'from', 'the', 'given', 'statements.', 'Conclusion:', 'True']","['Explain', 'whether', 'the', 'conclusion', 'logically', 'follows', 'from', 'the', 'set', 'of', 'statements', 'below.', 'Please', 'report', 'all', 'your', 'reasoning', 'steps.', 'End', 'your', 'reasoning', 'with:', 'Conclusion:', 'True/False.', 'Statements:', 'There', 'is', 'a', 'purple', 'marble', 'in', 'the', 'box', 'if', 'and', 'only', 'if', 'there', 'is', 'a', 'yellow', 'marble', 'in', 'the', 'box', 'There', 'is', 'a', 'yellow', 'marble', 'in', 'the', 'box', 'if', 'and', 'only', 'if', 'there', 'is', 'a', 'blue', 'marble', 'in', 'the', 'box', 'Either', 'there', 'is', 'a', 'blue', 'marble', 'in', 'the', 'box', 'or', 'else', 'there', 'is', 'an', 'orange', 'marble', 'in', 'the', 'box,', 'but', 'not', 'both', 'Conclusion:', 'Either', 'there', 'is', 'a', 'purple', 'marble', 'in', 'the', 'box', 'or', 'else', 'there', 'is', 'an', 'orange', 'marble', 'in', 'the', 'box,', 'but', 'not', 'both', ""Let's"", 'think', 'step', 'by', 'step.']",no
"['To', 'determine', 'whether', 'the', 'conclusion', 'logically', 'follows', 'from', 'the', 'set', 'of', 'statements,', 'we', 'need', 'to', 'use', 'logical', 'reasoning.', 'First,', ""let's"", 'analyze', 'the', 'statements:', '1.', 'Either', 'there', 'is', 'a', 'white', 'marble', 'in', 'the', 'box', 'or', 'else', 'there', 'is', 'a', 'black', 'marble', 'in', 'the', 'box,', 'but', 'not', 'both.', 'This', 'statement', 'is', 'an', 'example', 'of', 'the', 'exclusive', 'or', '(XOR)', 'logical', 'operator.', 'It', 'means', 'that', 'exactly', 'one', 'of', 'the', 'two', 'options', 'is', 'true.', '2.', 'Either', 'there', 'is', 'a', 'black', 'marble', 'in', 'the', 'box', 'or', 'else', 'there', 'is', 'a', 'pink', 'marble', 'in', 'the', 'box,', 'but', 'not', 'both.', 'Again,', 'this', 'is', 'an', 'example', 'of', 'the', 'XOR', 'operator.', '3.', 'There', 'is', 'a', 'pink', 'marble', 'in', 'the', 'box', 'if', 'and', 'only', 'if', 'there', 'is', 'a', 'gray', 'marble', 'in', 'the', 'box.', 'This', 'statement', 'is', 'an', 'example', 'of', 'the', 'biconditional', '(iff)', 'logical', 'operator.', 'It', 'means', 'that', 'both', 'conditions', 'are', 'either', 'true', 'or', 'false', 'at', 'the', 'same', 'time.', 'Now,', ""let's"", 'analyze', 'the', 'conclusion:', 'Conclusion:', 'If', 'there', 'is', 'a', 'white', 'marble', 'in', 'the', 'box', 'then', 'there', 'is', 'a', 'gray', 'marble', 'in', 'the', 'box.', 'To', 'determine', 'whether', 'this', 'conclusion', 'follows', 'logically', 'from', 'the', 'statements,', 'we', 'need', 'to', 'use', 'the', 'rules', 'of', 'logic.', '1.', 'First,', ""let's"", 'assume', 'that', 'there', 'is', 'a', 'white', 'marble', 'in', 'the', 'box.', '2.', 'From', 'statement', '1,', 'we', 'know', 'that', 'there', 'cannot', 'be', 'a', 'black', 'marble', 'in', 'the', 'box', 'because', 'both', 'options', 'cannot', 'be', 'true', 'at', 'the', 'same', 'time.', '3.', 'From', 'statement', '2,', 'we', 'know', 'that', 'there', 'cannot', 'be', 'a', 'black', 'marble', 'in', 'the', 'box,', 'which', 'means', 'that', 'there', 'must', 'be', 'a', 'pink', 'marble', 'in', 'the', 'box,', 'according', 'to', 'statement', '2.', '4.', 'From', 'statement', '3,', 'we', 'know', 'that', 'there', 'is', 'a', 'pink', 'marble', 'in', 'the', 'box,', 'and', 'from', 'statement', '3,', 'we', 'also', 'know', 'that', 'there', 'is', 'a', 'gray', 'marble', 'in', 'the', 'box.', '5.', 'Therefore,', 'if', 'there', 'is', 'a', 'white', 'marble', 'in', 'the', 'box,', 'then', 'there', 'is', 'a', 'gray', 'marble', 'in', 'the', 'box.', 'In', 'summary,', 'the', 'conclusion', 'logically', 'follows', 'from', 'the', 'statements.', 'Conclusion:', 'True.']","['Explain', 'whether', 'the', 'conclusion', 'logically', 'follows', 'from', 'the', 'set', 'of', 'statements', 'below.', 'Please', 'report', 'all', 'your', 'reasoning', 'steps.', 'End', 'your', 'reasoning', 'with:', 'Conclusion:', 'True/False.', 'Statements:', 'Either', 'there', 'is', 'a', 'white', 'marble', 'in', 'the', 'box', 'or', 'else', 'there', 'is', 'a', 'black', 'marble', 'in', 'the', 'box,', 'but', 'not', 'both', 'Either', 'there', 'is', 'a', 'black', 'marble', 'in', 'the', 'box', 'or', 'else', 'there', 'is', 'a', 'pink', 'marble', 'in', 'the', 'box,', 'but', 'not', 'both', 'There', 'is', 'a', 'pink', 'marble', 'in', 'the', 'box', 'if', 'and', 'only', 'if', 'there', 'is', 'a', 'gray', 'marble', 'in', 'the', 'box', 'Conclusion:', 'If', 'there', 'is', 'a', 'white', 'marble', 'in', 'the', 'box', 'then', 'there', 'is', 'a', 'gray', 'marble', 'in', 'the', 'box', ""Let's"", 'think', 'step', 'by', 'step.', '<|assistant|>']",yes
"['First,', ""let's"", 'analyze', 'the', 'given', 'statements:', '1.', 'Statement', '1:', '""There', 'is', 'a', 'blue', 'marble', 'in', 'the', 'box', 'if', 'and', 'only', 'if', 'there', 'is', 'a', 'brown', 'marble', 'in', 'the', 'box""', '2.', 'Statement', '2:', '""There', 'is', 'a', 'white', 'marble', 'in', 'the', 'box', 'if', 'and', 'only', 'if', 'there', 'is', 'a', 'green', 'marble', 'in', 'the', 'box""', '3.', 'Statement', '3:', '""Either', 'there', 'is', 'a', 'brown', 'marble', 'in', 'the', 'box', 'or', 'else', 'there', 'is', 'a', 'white', 'marble', 'in', 'the', 'box,', 'but', 'not', 'both""', '4.', 'Statement', '4:', '""There', 'is', 'a', 'green', 'marble', 'in', 'the', 'box', 'if', 'and', 'only', 'if', 'there', 'is', 'a', 'purple', 'marble', 'in', 'the', 'box""', 'Now', ""let's"", 'reason', 'about', 'the', 'conclusion:', 'From', 'statement', '1,', 'we', 'know', 'that', 'if', 'there', 'is', 'a', 'blue', 'marble', 'in', 'the', 'box,', 'then', 'there', 'is', 'a', 'brown', 'marble', 'in', 'the', 'box.', 'From', 'statement', '4,', 'we', 'know', 'that', 'if', 'there', 'is', 'a', 'green', 'marble', 'in', 'the', 'box,', 'then', 'there', 'is', 'a', 'purple', 'marble', 'in', 'the', 'box.', 'However,', 'we', ""don't"", 'have', 'any', 'direct', 'connection', 'between', 'a', 'blue', 'marble', 'and', 'a', 'purple', 'marble', 'in', 'the', 'statements.', 'Since', 'the', 'conclusion', 'states', 'that', '""If', 'there', 'is', 'a', 'blue', 'marble', 'in', 'the', 'box', 'then', 'there', 'is', 'a', 'purple', 'marble', 'in', 'the', 'box"",', 'it', 'is', 'not', 'logically', 'following', 'from', 'the', 'given', 'statements.', 'Conclusion:', 'False.']","['Explain', 'whether', 'the', 'conclusion', 'logically', 'follows', 'from', 'the', 'set', 'of', 'statements', 'below.', 'Please', 'report', 'all', 'your', 'reasoning', 'steps.', 'End', 'your', 'reasoning', 'with:', 'Conclusion:', 'True/False.', 'Statements:', 'There', 'is', 'a', 'blue', 'marble', 'in', 'the', 'box', 'if', 'and', 'only', 'if', 'there', 'is', 'a', 'brown', 'marble', 'in', 'the', 'box', 'There', 'is', 'a', 'white', 'marble', 'in', 'the', 'box', 'if', 'and', 'only', 'if', 'there', 'is', 'a', 'green', 'marble', 'in', 'the', 'box', 'Either', 'there', 'is', 'a', 'brown', 'marble', 'in', 'the', 'box', 'or', 'else', 'there', 'is', 'a', 'white', 'marble', 'in', 'the', 'box,', 'but', 'not', 'both', 'There', 'is', 'a', 'green', 'marble', 'in', 'the', 'box', 'if', 'and', 'only', 'if', 'there', 'is', 'a', 'purple', 'marble', 'in', 'the', 'box', 'Conclusion:', 'If', 'there', 'is', 'a', 'blue', 'marble', 'in', 'the', 'box', 'then', 'there', 'is', 'a', 'purple', 'marble', 'in', 'the', 'box', ""Let's"", 'think', 'step', 'by', 'step.']",no
"['To', 'determine', 'whether', 'the', 'conclusion', 'logically', 'follows', 'from', 'the', 'statements,', 'we', 'need', 'to', 'use', 'logical', 'reasoning.', 'First,', ""let's"", 'write', 'down', 'the', 'statements', 'in', 'a', 'logical', 'form:', '1.', '(G', '⇔', 'Y)', '-', 'Gray', 'marble', '(G)', 'is', 'in', 'the', 'box', 'if', 'and', 'only', 'if', 'yellow', 'marble', '(Y)', 'is', 'in', 'the', 'box', '2.', '(Y', '⊕', 'O)', '-', 'Either', 'yellow', 'marble', '(Y)', 'or', 'olive', 'marble', '(O)', 'is', 'in', 'the', 'box,', 'but', 'not', 'both', '(⊕', 'denotes', 'exclusive', 'OR)', '3.', '(O', '⇔', 'B)', '-', 'Olive', 'marble', '(O)', 'is', 'in', 'the', 'box', 'if', 'and', 'only', 'if', 'black', 'marble', '(B)', 'is', 'in', 'the', 'box', 'Now,', ""let's"", 'derive', 'the', 'conclusion', 'using', 'these', 'statements:', 'If', 'there', 'is', 'a', 'yellow', 'marble', '(Y)', 'in', 'the', 'box,', 'then', 'by', 'statement', '1,', 'there', 'is', 'a', 'gray', 'marble', '(G)', 'in', 'the', 'box.', 'But,', 'we', 'know', 'from', 'statement', '2', 'that', 'if', 'there', 'is', 'a', 'yellow', 'marble', '(Y)', 'in', 'the', 'box,', 'then', 'there', 'is', 'no', 'olive', 'marble', '(O)', 'in', 'the', 'box.', ""Let's"", 'see', 'what', 'this', 'tells', 'us', 'about', 'the', 'black', 'marble', '(B).', 'If', 'there', 'is', 'an', 'olive', 'marble', '(O)', 'in', 'the', 'box,', 'then', 'by', 'statement', '3,', 'there', 'is', 'a', 'black', 'marble', '(B)', 'in', 'the', 'box.', 'But,', 'we', 'just', 'said', 'that', 'there', 'is', 'no', 'olive', 'marble', '(O)', 'in', 'the', 'box', 'when', 'there', 'is', 'a', 'yellow', 'marble', '(Y)', 'in', 'the', 'box.', 'So,', 'we', 'cannot', 'have', 'both', 'an', 'olive', 'marble', '(O)', 'and', 'a', 'black', 'marble', '(B)', 'in', 'the', 'box', 'when', 'there', 'is', 'a', 'yellow', 'marble', '(Y)', 'in', 'the', 'box.', 'However,', 'we', 'can', 'still', 'have', 'a', 'black', 'marble', '(B)', 'in', 'the', 'box', 'when', 'there', 'is', 'a', 'yellow', 'marble', '(Y)', 'in', 'the', 'box,', 'because', 'we', ""haven't"", 'yet', 'excluded', 'the', 'possibility', 'of', 'the', 'black', 'marble', '(B)', 'being', 'in', 'the', 'box', 'without', 'the', 'olive', 'marble', '(O).', 'In', 'fact,', 'we', 'can', 'say', 'that', 'if', 'there', 'is', 'a', 'yellow', 'marble', '(Y)', 'in', 'the', 'box,', 'then', 'by', 'statement', '1,', 'there', 'is', 'a', 'gray', 'marble', '(G)', 'in', 'the', 'box,', 'and', 'by', 'statement', '3,', 'there', 'is', 'a', 'black', 'marble', '(B)', 'in', 'the', 'box,', 'but', 'we', ""don't"", 'know', 'whether', 'the', 'black', 'marble', '(B)', 'is', 'in', 'the', 'box', 'because', 'of', 'the', 'olive', 'marble', '(O)', 'or', 'not.', 'So,', 'the', 'conclusion', '""If', 'there', 'is', 'a', 'yellow', 'marble', '(Y)', 'in', 'the', 'box', 'then', 'there', 'is', 'a', 'black', 'marble', '(B)', 'in', 'the', 'box""', 'is', 'true,', 'but', 'it', ""doesn't"", 'follow', 'directly', 'from', 'the', 'statements.', 'It', 'requires', 'some', 'additional', 'reasoning', 'to', 'fully', 'understand', 'the', 'relationship', 'between', 'the', 'yellow', 'marble', '(Y),', 'the', 'olive', 'marble', '(O),', 'and', 'the', 'black', 'marble', '(B).', 'In', 'summary,', 'the', 'conclusion', 'is', 'true,', 'but', ""it's"", 'not', 'a', 'simple', 'logical', 'implication', 'of', 'the', 'statements.', 'Conclusion:', 'True,', 'but', 'with', 'additional', 'reasoning', 'required.']","['Explain', 'whether', 'the', 'conclusion', 'logically', 'follows', 'from', 'the', 'set', 'of', 'statements', 'below.', 'Please', 'report', 'all', 'your', 'reasoning', 'steps.', 'End', 'your', 'reasoning', 'with:', 'Conclusion:', 'True/False.', 'Statements:', 'There', 'is', 'a', 'gray', 'marble', 'in', 'the', 'box', 'if', 'and', 'only', 'if', 'there', 'is', 'a', 'yellow', 'marble', 'in', 'the', 'box', 'Either', 'there', 'is', 'a', 'yellow', 'marble', 'in', 'the', 'box', 'or', 'else', 'there', 'is', 'an', 'olive', 'marble', 'in', 'the', 'box,', 'but', 'not', 'both', 'There', 'is', 'an', 'olive', 'marble', 'in', 'the', 'box', 'if', 'and', 'only', 'if', 'there', 'is', 'a', 'black', 'marble', 'in', 'the', 'box', 'Conclusion:', 'If', 'there', 'is', 'a', 'yellow', 'marble', 'in', 'the', 'box', 'then', 'there', 'is', 'a', 'black', 'marble', 'in', 'the', 'box', ""Let's"", 'think', 'step', 'by', 'step.', '<|assistant|>']",no
"['Sure,', ""I'd"", 'be', 'happy', 'to', 'help!', ""Here's"", 'my', 'reasoning', 'process', 'for', 'this', 'problem:', '1.', 'First,', ""I'll"", 'start', 'by', 'analyzing', 'the', 'given', 'statements:', 'Statement', '1:', '""There', 'is', 'a', 'gray', 'marble', 'in', 'the', 'box', 'if', 'and', 'only', 'if', 'there', 'is', 'a', 'yellow', 'marble', 'in', 'the', 'box""', 'This', 'statement', 'tells', 'us', 'that', 'the', 'presence', 'of', 'a', 'gray', 'marble', 'in', 'the', 'box', 'is', 'dependent', 'on', 'the', 'presence', 'of', 'a', 'yellow', 'marble', 'in', 'the', 'box.', 'If', 'there', 'is', 'a', 'yellow', 'marble,', 'then', 'there', 'must', 'be', 'a', 'gray', 'marble,', 'and', 'if', 'there', 'is', 'no', 'yellow', 'marble,', 'then', 'there', 'cannot', 'be', 'a', 'gray', 'marble.', 'Statement', '2:', '""Either', 'there', 'is', 'a', 'yellow', 'marble', 'in', 'the', 'box', 'or', 'else', 'there', 'is', 'an', 'olive', 'marble', 'in', 'the', 'box,', 'but', 'not', 'both""', 'This', 'statement', 'tells', 'us', 'that', 'the', 'presence', 'of', 'a', 'yellow', 'marble', 'and', 'an', 'olive', 'marble', 'in', 'the', 'box', 'are', 'mutually', 'exclusive.', 'If', 'there', 'is', 'a', 'yellow', 'marble,', 'then', 'there', 'cannot', 'be', 'an', 'olive', 'marble,', 'and', 'if', 'there', 'is', 'an', 'olive', 'marble,', 'then', 'there', 'cannot', 'be', 'a', 'yellow', 'marble.', 'Statement', '3:', '""There', 'is', 'an', 'olive', 'marble', 'in', 'the', 'box', 'if', 'and', 'only', 'if', 'there', 'is', 'a', 'black', 'marble', 'in', 'the', 'box""', 'This', 'statement', 'tells', 'us', 'that', 'the', 'presence', 'of', 'an', 'olive', 'marble', 'in', 'the', 'box', 'is', 'dependent', 'on', 'the', 'presence', 'of', 'a', 'black', 'marble', 'in', 'the', 'box.', 'If', 'there', 'is', 'a', 'black', 'marble,', 'then', 'there', 'must', 'be', 'an', 'olive', 'marble,', 'and', 'if', 'there', 'is', 'no', 'black', 'marble,', 'then', 'there', 'cannot', 'be', 'an', 'olive', 'marble.', '2.', 'Now,', ""let's"", 'consider', 'the', 'conclusion:', '""If', 'there', 'is', 'a', 'yellow', 'marble', 'in', 'the', 'box', 'then', 'there', 'is', 'a', 'black', 'marble', 'in', 'the', 'box""', 'My', 'reasoning', 'for', 'this', 'conclusion', 'is', 'as', 'follows:', '*', 'If', 'there', 'is', 'a', 'yellow', 'marble', 'in', 'the', 'box', '(according', 'to', 'Statement', '1),', 'then', 'there', 'must', 'be', 'a', 'gray', 'marble', 'in', 'the', 'box', '(since', 'the', 'presence', 'of', 'a', 'yellow', 'marble', 'implies', 'the', 'presence', 'of', 'a', 'gray', 'marble).', '*', 'Since', 'there', 'is', 'a', 'gray', 'marble', 'in', 'the', 'box,', 'and', 'Statement', '2', 'tells', 'us', 'that', 'either', 'there', 'is', 'a', 'yellow', 'marble', 'or', 'an', 'olive', 'marble', 'in', 'the', 'box', '(but', 'not', 'both),', 'we', 'can', 'conclude', 'that', 'there', 'cannot', 'be', 'an', 'olive', 'marble', 'in', 'the', 'box.', '*', 'Therefore,', 'the', 'presence', 'of', 'a', 'yellow', 'marble', 'in', 'the', 'box', 'implies', 'that', 'there', 'is', 'no', 'olive', 'marble', 'in', 'the', 'box.', '*', 'However,', 'Statement', '3', 'tells', 'us', 'that', 'if', 'there', 'is', 'no', 'olive', 'marble', 'in', 'the', 'box,', 'then', 'there', 'must', 'be', 'a', 'black', 'marble', 'in', 'the', 'box.', '*', 'Therefore,', 'if', 'there', 'is', 'a', 'yellow', 'marble', 'in', 'the', 'box,', 'then', 'there', 'must', 'be', 'a', 'black', 'marble', 'in', 'the', 'box.', 'Conclusion:', 'True', 'I', 'hope', 'this', 'explanation', 'of', 'my', 'reasoning', 'process', 'helps!', 'Let', 'me', 'know', 'if', 'you', 'have', 'any', 'questions', 'or', 'need', 'further', 'clarification.']","['Explain', 'whether', 'the', 'conclusion', 'logically', 'follows', 'from', 'the', 'set', 'of', 'statements', 'below.', 'Please', 'report', 'all', 'your', 'reasoning', 'steps.', 'End', 'your', 'reasoning', 'with:', 'Conclusion:', 'True/False.', 'Statements:', 'There', 'is', 'a', 'gray', 'marble', 'in', 'the', 'box', 'if', 'and', 'only', 'if', 'there', 'is', 'a', 'yellow', 'marble', 'in', 'the', 'box', 'Either', 'there', 'is', 'a', 'yellow', 'marble', 'in', 'the', 'box', 'or', 'else', 'there', 'is', 'an', 'olive', 'marble', 'in', 'the', 'box,', 'but', 'not', 'both', 'There', 'is', 'an', 'olive', 'marble', 'in', 'the', 'box', 'if', 'and', 'only', 'if', 'there', 'is', 'a', 'black', 'marble', 'in', 'the', 'box', 'Conclusion:', 'If', 'there', 'is', 'a', 'yellow', 'marble', 'in', 'the', 'box', 'then', 'there', 'is', 'a', 'black', 'marble', 'in', 'the', 'box', ""Let's"", 'think', 'step', 'by', 'step.']",no
"['Sure!', ""Let's"", 'break', 'down', 'the', 'reasoning', 'process', 'step', 'by', 'step:', '1.', 'First,', 'we', 'have', 'the', 'statement', '""There', 'is', 'a', 'red', 'marble', 'in', 'the', 'box', 'if', 'and', 'only', 'if', 'there', 'is', 'a', 'maroon', 'marble', 'in', 'the', 'box.""', 'This', 'statement', 'tells', 'us', 'that', 'the', 'presence', 'of', 'a', 'red', 'marble', 'in', 'the', 'box', 'is', 'dependent', 'on', 'the', 'presence', 'of', 'a', 'maroon', 'marble', 'in', 'the', 'box.', 'If', 'there', 'is', 'no', 'maroon', 'marble,', 'then', 'there', 'cannot', 'be', 'a', 'red', 'marble.', '2.', 'Next,', 'we', 'have', 'the', 'statement', '""Either', 'there', 'is', 'a', 'green', 'marble', 'in', 'the', 'box', 'or', 'else', 'there', 'is', 'an', 'olive', 'marble', 'in', 'the', 'box,', 'but', 'not', 'both.""', 'This', 'statement', 'tells', 'us', 'that', 'the', 'presence', 'of', 'a', 'green', 'marble', 'or', 'an', 'olive', 'marble', 'in', 'the', 'box', 'is', 'mutually', 'exclusive.', 'If', 'there', 'is', 'a', 'green', 'marble,', 'then', 'there', 'cannot', 'be', 'an', 'olive', 'marble,', 'and', 'vice', 'versa.', '3.', 'The', 'third', 'statement', 'is', '""There', 'is', 'a', 'maroon', 'marble', 'in', 'the', 'box', 'if', 'and', 'only', 'if', 'there', 'is', 'a', 'green', 'marble', 'in', 'the', 'box.""', 'This', 'statement', 'tells', 'us', 'that', 'the', 'presence', 'of', 'a', 'maroon', 'marble', 'in', 'the', 'box', 'is', 'dependent', 'on', 'the', 'presence', 'of', 'a', 'green', 'marble', 'in', 'the', 'box.', 'If', 'there', 'is', 'no', 'green', 'marble,', 'then', 'there', 'cannot', 'be', 'a', 'maroon', 'marble.', '4.', 'The', 'fourth', 'statement', 'is', '""Either', 'there', 'is', 'an', 'olive', 'marble', 'in', 'the', 'box', 'or', 'else', 'there', 'is', 'a', 'brown', 'marble', 'in', 'the', 'box,', 'but', 'not', 'both.""', 'This', 'statement', 'tells', 'us', 'that', 'the', 'presence', 'of', 'an', 'olive', 'marble', 'or', 'a', 'brown', 'marble', 'in', 'the', 'box', 'is', 'mutually', 'exclusive.', 'If', 'there', 'is', 'an', 'olive', 'marble,', 'then', 'there', 'cannot', 'be', 'a', 'brown', 'marble,', 'and', 'vice', 'versa.', '5.', 'Now,', ""let's"", 'consider', 'the', 'conclusion:', '""If', 'there', 'is', 'a', 'red', 'marble', 'in', 'the', 'box', 'then', 'there', 'is', 'a', 'brown', 'marble', 'in', 'the', 'box.""', 'We', 'can', 'deduce', 'this', 'conclusion', 'by', 'using', 'the', 'transitive', 'property', 'of', 'logic.', 'If', 'there', 'is', 'a', 'red', 'marble', 'in', 'the', 'box,', 'then', 'by', 'the', 'first', 'statement,', 'there', 'must', 'be', 'a', 'maroon', 'marble', 'in', 'the', 'box.', 'By', 'the', 'third', 'statement,', 'the', 'presence', 'of', 'a', 'maroon', 'marble', 'implies', 'the', 'presence', 'of', 'a', 'green', 'marble.', 'By', 'the', 'fourth', 'statement,', 'the', 'presence', 'of', 'a', 'green', 'marble', 'implies', 'the', 'presence', 'of', 'an', 'olive', 'marble', 'or', 'a', 'brown', 'marble,', 'but', 'not', 'both.', 'Therefore,', 'if', 'there', 'is', 'a', 'red', 'marble', 'in', 'the', 'box,', 'then', 'there', 'must', 'be', 'a', 'brown', 'marble', 'in', 'the', 'box.', 'Conclusion:', 'True.']","['Explain', 'whether', 'the', 'conclusion', 'logically', 'follows', 'from', 'the', 'set', 'of', 'statements', 'below.', 'Please', 'report', 'all', 'your', 'reasoning', 'steps.', 'End', 'your', 'reasoning', 'with:', 'Conclusion:', 'True/False.', 'Statements:', 'There', 'is', 'a', 'red', 'marble', 'in', 'the', 'box', 'if', 'and', 'only', 'if', 'there', 'is', 'a', 'maroon', 'marble', 'in', 'the', 'box', 'Either', 'there', 'is', 'a', 'green', 'marble', 'in', 'the', 'box', 'or', 'else', 'there', 'is', 'an', 'olive', 'marble', 'in', 'the', 'box,', 'but', 'not', 'both', 'There', 'is', 'a', 'maroon', 'marble', 'in', 'the', 'box', 'if', 'and', 'only', 'if', 'there', 'is', 'a', 'green', 'marble', 'in', 'the', 'box', 'Either', 'there', 'is', 'an', 'olive', 'marble', 'in', 'the', 'box', 'or', 'else', 'there', 'is', 'a', 'brown', 'marble', 'in', 'the', 'box,', 'but', 'not', 'both', 'Conclusion:', 'If', 'there', 'is', 'a', 'red', 'marble', 'in', 'the', 'box', 'then', 'there', 'is', 'a', 'brown', 'marble', 'in', 'the', 'box', ""Let's"", 'think', 'step', 'by', 'step.']",no
"['Sure,', ""I'd"", 'be', 'happy', 'to', 'help!', ""Here's"", 'my', 'reasoning', 'process', 'for', 'this', 'problem:', '1.', 'First,', ""I'll"", 'start', 'by', 'analyzing', 'the', 'given', 'statements:', 'Statement', '1:', 'Either', 'there', 'is', 'an', 'olive', 'marble', 'in', 'the', 'box', 'or', 'else', 'there', 'is', 'a', 'brown', 'marble', 'in', 'the', 'box,', 'but', 'not', 'both', 'Statement', '2:', 'There', 'is', 'a', 'brown', 'marble', 'in', 'the', 'box', 'if', 'and', 'only', 'if', 'there', 'is', 'a', 'gray', 'marble', 'in', 'the', 'box', 'Statement', '3:', 'Either', 'there', 'is', 'a', 'gray', 'marble', 'in', 'the', 'box', 'or', 'else', 'there', 'is', 'a', 'maroon', 'marble', 'in', 'the', 'box,', 'but', 'not', 'both', '2.', 'Next,', ""I'll"", 'break', 'down', 'each', 'statement', 'into', 'its', 'component', 'parts:', 'Statement', '1:', '*', 'Either', 'there', 'is', 'an', 'olive', 'marble', 'in', 'the', 'box', '*', 'Or', 'else', 'there', 'is', 'a', 'brown', 'marble', 'in', 'the', 'box', '*', 'But', 'not', 'both', 'Statement', '2:', '*', 'There', 'is', 'a', 'brown', 'marble', 'in', 'the', 'box', '*', 'If', 'and', 'only', 'if', 'there', 'is', 'a', 'gray', 'marble', 'in', 'the', 'box', 'Statement', '3:', '*', 'Either', 'there', 'is', 'a', 'gray', 'marble', 'in', 'the', 'box', '*', 'Or', 'else', 'there', 'is', 'a', 'maroon', 'marble', 'in', 'the', 'box', '*', 'But', 'not', 'both', '3.', 'Now,', ""I'll"", 'start', 'to', 'deduce', 'conclusions', 'based', 'on', 'the', 'given', 'statements:', 'From', 'Statement', '1,', 'we', 'know', 'that', 'either', 'there', 'is', 'an', 'olive', 'marble', 'or', 'a', 'brown', 'marble', 'in', 'the', 'box.', 'From', 'Statement', '2,', 'we', 'know', 'that', 'if', 'there', 'is', 'a', 'brown', 'marble', 'in', 'the', 'box,', 'then', 'there', 'must', 'be', 'a', 'gray', 'marble', 'in', 'the', 'box.', 'From', 'Statement', '3,', 'we', 'know', 'that', 'either', 'there', 'is', 'a', 'gray', 'marble', 'or', 'a', 'maroon', 'marble', 'in', 'the', 'box.', '4.', 'Now,', ""let's"", 'consider', 'the', 'conclusion:', 'If', 'there', 'is', 'not', 'an', 'olive', 'marble', 'in', 'the', 'box', 'then', 'there', 'is', 'a', 'maroon', 'marble', 'in', 'the', 'box.', 'If', 'there', 'is', 'not', 'an', 'olive', 'marble', 'in', 'the', 'box,', 'then', 'by', 'Statement', '1,', 'there', 'must', 'be', 'a', 'brown', 'marble', 'in', 'the', 'box.', 'But', 'then,', 'by', 'Statement', '2,', 'there', 'must', 'be', 'a', 'gray', 'marble', 'in', 'the', 'box,', 'since', 'there', 'is', 'a', 'brown', 'marble.', 'However,', 'this', 'contradicts', 'Statement', '3,', 'which', 'states', 'that', 'either', 'there', 'is', 'a', 'gray', 'marble', 'or', 'a', 'maroon', 'marble', 'in', 'the', 'box,', 'but', 'not', 'both.', 'Therefore,', 'our', 'conclusion', 'is:', 'Conclusion:', 'False.', 'The', 'conclusion', 'does', 'not', 'logically', 'follow', 'from', 'the', 'given', 'statements.']","['Explain', 'whether', 'the', 'conclusion', 'logically', 'follows', 'from', 'the', 'set', 'of', 'statements', 'below.', 'Please', 'report', 'all', 'your', 'reasoning', 'steps.', 'End', 'your', 'reasoning', 'with:', 'Conclusion:', 'True/False.', 'Statements:', 'Either', 'there', 'is', 'an', 'olive', 'marble', 'in', 'the', 'box', 'or', 'else', 'there', 'is', 'a', 'brown', 'marble', 'in', 'the', 'box,', 'but', 'not', 'both', 'There', 'is', 'a', 'brown', 'marble', 'in', 'the', 'box', 'if', 'and', 'only', 'if', 'there', 'is', 'a', 'gray', 'marble', 'in', 'the', 'box', 'Either', 'there', 'is', 'a', 'gray', 'marble', 'in', 'the', 'box', 'or', 'else', 'there', 'is', 'a', 'maroon', 'marble', 'in', 'the', 'box,', 'but', 'not', 'both', 'Conclusion:', 'If', 'there', 'is', 'not', 'an', 'olive', 'marble', 'in', 'the', 'box', 'then', 'there', 'is', 'a', 'maroon', 'marble', 'in', 'the', 'box', ""Let's"", 'think', 'step', 'by', 'step.']",yes
"['Sure,', ""I'd"", 'be', 'happy', 'to', 'help!', ""Here's"", 'my', 'reasoning', 'process:', '1.', 'First,', 'I', 'will', 'consider', 'the', 'first', 'statement:', '""Either', 'there', 'is', 'a', 'red', 'marble', 'in', 'the', 'box', 'or', 'else', 'there', 'is', 'a', 'maroon', 'marble', 'in', 'the', 'box,', 'but', 'not', 'both.""', 'This', 'statement', 'tells', 'me', 'that', 'there', 'are', 'only', 'two', 'possibilities:', 'either', 'there', 'is', 'a', 'red', 'marble', 'in', 'the', 'box', 'or', 'there', 'is', 'a', 'maroon', 'marble', 'in', 'the', 'box.', 'Since', 'it', 'says', '""but', 'not', 'both,""', 'it', 'means', 'that', 'both', 'cannot', 'be', 'true', 'at', 'the', 'same', 'time.', '2.', 'Next,', 'I', 'will', 'consider', 'the', 'second', 'statement:', '""Either', 'there', 'is', 'a', 'maroon', 'marble', 'in', 'the', 'box', 'or', 'else', 'there', 'is', 'a', 'yellow', 'marble', 'in', 'the', 'box,', 'but', 'not', 'both.""', 'This', 'statement', 'tells', 'me', 'that', 'there', 'are', 'only', 'two', 'possibilities:', 'either', 'there', 'is', 'a', 'maroon', 'marble', 'in', 'the', 'box', 'or', 'there', 'is', 'a', 'yellow', 'marble', 'in', 'the', 'box.', 'Since', 'it', 'says', '""but', 'not', 'both,""', 'it', 'means', 'that', 'both', 'cannot', 'be', 'true', 'at', 'the', 'same', 'time.', '3.', 'Now,', 'I', 'will', 'consider', 'the', 'third', 'statement:', '""There', 'is', 'a', 'yellow', 'marble', 'in', 'the', 'box', 'if', 'and', 'only', 'if', 'there', 'is', 'an', 'orange', 'marble', 'in', 'the', 'box.""', 'This', 'statement', 'tells', 'me', 'that', 'if', 'there', 'is', 'a', 'yellow', 'marble', 'in', 'the', 'box,', 'then', 'there', 'must', 'also', 'be', 'an', 'orange', 'marble', 'in', 'the', 'box.', '4.', 'Finally,', 'I', 'will', 'consider', 'the', 'conclusion:', '""If', 'there', 'is', 'a', 'maroon', 'marble', 'in', 'the', 'box', 'then', 'there', 'is', 'an', 'orange', 'marble', 'in', 'the', 'box.""', 'Based', 'on', 'the', 'previous', 'statements,', 'I', 'can', 'logically', 'deduce', 'that', 'if', 'there', 'is', 'a', 'maroon', 'marble', 'in', 'the', 'box,', 'then', 'there', 'must', 'also', 'be', 'an', 'orange', 'marble', 'in', 'the', 'box,', 'because', 'of', 'the', 'third', 'statement.', 'Therefore,', 'the', 'conclusion', 'logically', 'follows', 'from', 'the', 'statements.', 'Conclusion:', 'True.']","['Explain', 'whether', 'the', 'conclusion', 'logically', 'follows', 'from', 'the', 'set', 'of', 'statements', 'below.', 'Please', 'report', 'all', 'your', 'reasoning', 'steps.', 'End', 'your', 'reasoning', 'with:', 'Conclusion:', 'True/False.', 'Statements:', 'Either', 'there', 'is', 'a', 'red', 'marble', 'in', 'the', 'box', 'or', 'else', 'there', 'is', 'a', 'maroon', 'marble', 'in', 'the', 'box,', 'but', 'not', 'both', 'Either', 'there', 'is', 'a', 'maroon', 'marble', 'in', 'the', 'box', 'or', 'else', 'there', 'is', 'a', 'yellow', 'marble', 'in', 'the', 'box,', 'but', 'not', 'both', 'There', 'is', 'a', 'yellow', 'marble', 'in', 'the', 'box', 'if', 'and', 'only', 'if', 'there', 'is', 'an', 'orange', 'marble', 'in', 'the', 'box', 'Conclusion:', 'If', 'there', 'is', 'a', 'maroon', 'marble', 'in', 'the', 'box', 'then', 'there', 'is', 'an', 'orange', 'marble', 'in', 'the', 'box', ""Let's"", 'think', 'step', 'by', 'step.']",no
"['Sure,', ""I'd"", 'be', 'happy', 'to', 'help!', ""Here's"", 'my', 'reasoning', 'process:', '1.', 'The', 'first', 'statement', 'says', 'that', 'either', 'there', 'is', 'a', 'red', 'marble', 'in', 'the', 'box', 'or', 'there', 'is', 'a', 'maroon', 'marble', 'in', 'the', 'box,', 'but', 'not', 'both.', 'This', 'means', 'that', 'if', 'there', 'is', 'a', 'red', 'marble', 'in', 'the', 'box,', 'then', 'there', 'cannot', 'be', 'a', 'maroon', 'marble', 'in', 'the', 'box,', 'and', 'vice', 'versa.', '2.', 'The', 'second', 'statement', 'says', 'that', 'either', 'there', 'is', 'a', 'maroon', 'marble', 'in', 'the', 'box', 'or', 'there', 'is', 'a', 'yellow', 'marble', 'in', 'the', 'box,', 'but', 'not', 'both.', 'This', 'means', 'that', 'if', 'there', 'is', 'a', 'maroon', 'marble', 'in', 'the', 'box,', 'then', 'there', 'cannot', 'be', 'a', 'yellow', 'marble', 'in', 'the', 'box,', 'and', 'vice', 'versa.', '3.', 'The', 'third', 'statement', 'says', 'that', 'there', 'is', 'a', 'yellow', 'marble', 'in', 'the', 'box', 'if', 'and', 'only', 'if', 'there', 'is', 'an', 'orange', 'marble', 'in', 'the', 'box.', 'This', 'means', 'that', 'if', 'there', 'is', 'a', 'yellow', 'marble', 'in', 'the', 'box,', 'then', 'there', 'must', 'also', 'be', 'an', 'orange', 'marble', 'in', 'the', 'box.', '4.', 'Based', 'on', 'the', 'first', 'two', 'statements,', 'we', 'know', 'that', 'if', 'there', 'is', 'a', 'maroon', 'marble', 'in', 'the', 'box,', 'then', 'there', 'cannot', 'be', 'a', 'yellow', 'marble', 'in', 'the', 'box.', 'Therefore,', 'if', 'there', 'is', 'a', 'maroon', 'marble', 'in', 'the', 'box,', 'then', 'there', 'must', 'be', 'an', 'orange', 'marble', 'in', 'the', 'box', '(because', 'of', 'statement', '3).', '5.', 'Conclusion:', 'If', 'there', 'is', 'a', 'maroon', 'marble', 'in', 'the', 'box,', 'then', 'there', 'is', 'an', 'orange', 'marble', 'in', 'the', 'box.', 'Therefore,', 'the', 'conclusion', 'logically', 'follows', 'from', 'the', 'given', 'statements.', 'Conclusion:', 'True.']","['Explain', 'whether', 'the', 'conclusion', 'logically', 'follows', 'from', 'the', 'set', 'of', 'statements', 'below.', 'Please', 'report', 'all', 'your', 'reasoning', 'steps.', 'End', 'your', 'reasoning', 'with:', 'Conclusion:', 'True/False.', 'Statements:', 'Either', 'there', 'is', 'a', 'red', 'marble', 'in', 'the', 'box', 'or', 'else', 'there', 'is', 'a', 'maroon', 'marble', 'in', 'the', 'box,', 'but', 'not', 'both', 'Either', 'there', 'is', 'a', 'maroon', 'marble', 'in', 'the', 'box', 'or', 'else', 'there', 'is', 'a', 'yellow', 'marble', 'in', 'the', 'box,', 'but', 'not', 'both', 'There', 'is', 'a', 'yellow', 'marble', 'in', 'the', 'box', 'if', 'and', 'only', 'if', 'there', 'is', 'an', 'orange', 'marble', 'in', 'the', 'box', 'Conclusion:', 'If', 'there', 'is', 'a', 'maroon', 'marble', 'in', 'the', 'box', 'then', 'there', 'is', 'an', 'orange', 'marble', 'in', 'the', 'box', ""Let's"", 'think', 'step', 'by', 'step.']",no
"['Based', 'on', 'the', 'given', 'statements,', 'here', 'is', 'my', 'reasoning:', '1.', 'The', 'first', 'statement', 'tells', 'us', 'that', 'there', 'is', 'a', 'red', 'marble', 'in', 'the', 'box', 'if', 'and', 'only', 'if', 'there', 'is', 'a', 'maroon', 'marble', 'in', 'the', 'box.', '2.', 'The', 'second', 'statement', 'tells', 'us', 'that', 'either', 'there', 'is', 'a', 'green', 'marble', 'or', 'an', 'olive', 'marble', 'in', 'the', 'box,', 'but', 'not', 'both.', '3.', 'The', 'third', 'statement', 'tells', 'us', 'that', 'there', 'is', 'a', 'maroon', 'marble', 'in', 'the', 'box', 'if', 'and', 'only', 'if', 'there', 'is', 'a', 'green', 'marble', 'in', 'the', 'box.', '4.', 'The', 'fourth', 'statement', 'tells', 'us', 'that', 'either', 'there', 'is', 'an', 'olive', 'marble', 'or', 'a', 'brown', 'marble', 'in', 'the', 'box,', 'but', 'not', 'both.', 'Now', ""let's"", 'examine', 'the', 'conclusion:', '5.', 'The', 'conclusion', 'states', 'that', 'if', 'there', 'is', 'a', 'red', 'marble', 'in', 'the', 'box,', 'then', 'there', 'is', 'a', 'brown', 'marble', 'in', 'the', 'box.', ""Let's"", 'see', 'if', 'the', 'conclusion', 'logically', 'follows', 'from', 'the', 'given', 'statements:', '6.', 'According', 'to', 'the', 'first', 'statement,', 'if', 'there', 'is', 'a', 'red', 'marble', 'in', 'the', 'box,', 'then', 'there', 'is', 'a', 'maroon', 'marble', 'in', 'the', 'box.', '7.', 'According', 'to', 'the', 'third', 'statement,', 'if', 'there', 'is', 'a', 'maroon', 'marble', 'in', 'the', 'box,', 'then', 'there', 'is', 'a', 'green', 'marble', 'in', 'the', 'box.', '8.', 'However,', 'we', 'know', 'from', 'the', 'second', 'statement', 'that', 'there', 'cannot', 'be', 'both', 'a', 'green', 'marble', 'and', 'an', 'olive', 'marble', 'in', 'the', 'box.', '9.', 'The', 'fourth', 'statement', 'tells', 'us', 'that', 'if', 'there', 'is', 'an', 'olive', 'marble', 'in', 'the', 'box,', 'then', 'there', 'must', 'be', 'a', 'brown', 'marble', 'in', 'the', 'box.', '10.', 'Since', 'we', 'have', 'established', 'that', 'there', 'cannot', 'be', 'a', 'green', 'marble', 'in', 'the', 'box,', 'it', 'follows', 'that', 'there', 'must', 'be', 'an', 'olive', 'marble', 'in', 'the', 'box.', '11.', 'Therefore,', 'according', 'to', 'the', 'fourth', 'statement,', 'there', 'must', 'be', 'a', 'brown', 'marble', 'in', 'the', 'box.', '12.', 'So,', 'if', 'there', 'is', 'a', 'red', 'marble', 'in', 'the', 'box,', 'then', 'there', 'is', 'a', 'brown', 'marble', 'in', 'the', 'box.', 'Therefore,', 'the', 'conclusion', 'logically', 'follows', 'from', 'the', 'given', 'statements.', 'Conclusion:', 'True.']","['Explain', 'whether', 'the', 'conclusion', 'logically', 'follows', 'from', 'the', 'set', 'of', 'statements', 'below.', 'Please', 'report', 'all', 'your', 'reasoning', 'steps.', 'End', 'your', 'reasoning', 'with:', 'Conclusion:', 'True/False.', 'Statements:', 'There', 'is', 'a', 'red', 'marble', 'in', 'the', 'box', 'if', 'and', 'only', 'if', 'there', 'is', 'a', 'maroon', 'marble', 'in', 'the', 'box', 'Either', 'there', 'is', 'a', 'green', 'marble', 'in', 'the', 'box', 'or', 'else', 'there', 'is', 'an', 'olive', 'marble', 'in', 'the', 'box,', 'but', 'not', 'both', 'There', 'is', 'a', 'maroon', 'marble', 'in', 'the', 'box', 'if', 'and', 'only', 'if', 'there', 'is', 'a', 'green', 'marble', 'in', 'the', 'box', 'Either', 'there', 'is', 'an', 'olive', 'marble', 'in', 'the', 'box', 'or', 'else', 'there', 'is', 'a', 'brown', 'marble', 'in', 'the', 'box,', 'but', 'not', 'both', 'Conclusion:', 'If', 'there', 'is', 'a', 'red', 'marble', 'in', 'the', 'box', 'then', 'there', 'is', 'a', 'brown', 'marble', 'in', 'the', 'box', ""Let's"", 'think', 'step', 'by', 'step.']",no
"['Sure!', ""Let's"", 'go', 'through', 'the', 'statements', 'one', 'by', 'one', 'and', 'see', 'if', 'we', 'can', 'conclude', 'that', 'if', 'there', 'is', 'a', 'brown', 'marble', 'in', 'the', 'box,', 'then', 'there', 'is', 'a', 'green', 'marble', 'in', 'the', 'box.', '1.', '""There', 'is', 'a', 'brown', 'marble', 'in', 'the', 'box', 'if', 'and', 'only', 'if', 'there', 'is', 'an', 'orange', 'marble', 'in', 'the', 'box.""', 'This', 'statement', 'tells', 'us', 'that', 'the', 'presence', 'of', 'a', 'brown', 'marble', 'in', 'the', 'box', 'is', 'dependent', 'on', 'the', 'presence', 'of', 'an', 'orange', 'marble', 'in', 'the', 'box.', 'In', 'other', 'words,', 'if', 'there', 'is', 'an', 'orange', 'marble', 'in', 'the', 'box,', 'then', 'there', 'must', 'be', 'a', 'brown', 'marble', 'in', 'the', 'box,', 'and', 'vice', 'versa.', '2.', '""Either', 'there', 'is', 'an', 'orange', 'marble', 'in', 'the', 'box', 'or', 'else', 'there', 'is', 'a', 'yellow', 'marble', 'in', 'the', 'box,', 'but', 'not', 'both.""', 'This', 'statement', 'tells', 'us', 'that', 'the', 'presence', 'of', 'an', 'orange', 'marble', 'and', 'a', 'yellow', 'marble', 'in', 'the', 'box', 'are', 'mutually', 'exclusive.', 'If', 'there', 'is', 'an', 'orange', 'marble', 'in', 'the', 'box,', 'then', 'there', 'cannot', 'be', 'a', 'yellow', 'marble', 'in', 'the', 'box,', 'and', 'vice', 'versa.', '3.', '""There', 'is', 'a', 'yellow', 'marble', 'in', 'the', 'box', 'if', 'and', 'only', 'if', 'there', 'is', 'a', 'green', 'marble', 'in', 'the', 'box.""', 'This', 'statement', 'tells', 'us', 'that', 'the', 'presence', 'of', 'a', 'yellow', 'marble', 'in', 'the', 'box', 'is', 'dependent', 'on', 'the', 'presence', 'of', 'a', 'green', 'marble', 'in', 'the', 'box.', 'In', 'other', 'words,', 'if', 'there', 'is', 'a', 'green', 'marble', 'in', 'the', 'box,', 'then', 'there', 'must', 'be', 'a', 'yellow', 'marble', 'in', 'the', 'box,', 'and', 'vice', 'versa.', 'Now,', ""let's"", 'think', 'about', 'the', 'conclusion:', '""If', 'there', 'is', 'a', 'brown', 'marble', 'in', 'the', 'box,', 'then', 'there', 'is', 'a', 'green', 'marble', 'in', 'the', 'box.""', 'We', 'know', 'that', 'the', 'presence', 'of', 'a', 'brown', 'marble', 'in', 'the', 'box', 'is', 'dependent', 'on', 'the', 'presence', 'of', 'an', 'orange', 'marble', 'in', 'the', 'box', '(from', 'statement', '1).', 'We', 'also', 'know', 'that', 'the', 'presence', 'of', 'an', 'orange', 'marble', 'in', 'the', 'box', 'means', 'that', 'there', 'cannot', 'be', 'a', 'yellow', 'marble', 'in', 'the', 'box', '(from', 'statement', '2).', 'We', 'also', 'know', 'that', 'the', 'presence', 'of', 'a', 'yellow', 'marble', 'in', 'the', 'box', 'is', 'dependent', 'on', 'the', 'presence', 'of', 'a', 'green', 'marble', 'in', 'the', 'box', '(from', 'statement', '3).', 'Therefore,', 'if', 'there', 'is', 'a', 'brown', 'marble', 'in', 'the', 'box,', 'it', 'means', 'that', 'there', 'is', 'an', 'orange', 'marble', 'in', 'the', 'box,', 'which', 'means', 'that', 'there', 'cannot', 'be', 'a', 'yellow', 'marble', 'in', 'the', 'box,', 'which', 'means', 'that', 'there', 'must', 'be', 'a', 'green', 'marble', 'in', 'the', 'box.', 'Conclusion:', 'True.', 'So,', 'the', 'conclusion', 'logically', 'follows', 'from', 'the', 'given', 'statements.']","['Explain', 'whether', 'the', 'conclusion', 'logically', 'follows', 'from', 'the', 'set', 'of', 'statements', 'below.', 'Please', 'report', 'all', 'your', 'reasoning', 'steps.', 'End', 'your', 'reasoning', 'with:', 'Conclusion:', 'True/False.', 'Statements:', 'There', 'is', 'a', 'brown', 'marble', 'in', 'the', 'box', 'if', 'and', 'only', 'if', 'there', 'is', 'an', 'orange', 'marble', 'in', 'the', 'box', 'Either', 'there', 'is', 'an', 'orange', 'marble', 'in', 'the', 'box', 'or', 'else', 'there', 'is', 'a', 'yellow', 'marble', 'in', 'the', 'box,', 'but', 'not', 'both', 'There', 'is', 'a', 'yellow', 'marble', 'in', 'the', 'box', 'if', 'and', 'only', 'if', 'there', 'is', 'a', 'green', 'marble', 'in', 'the', 'box', 'Conclusion:', 'If', 'there', 'is', 'a', 'brown', 'marble', 'in', 'the', 'box', 'then', 'there', 'is', 'a', 'green', 'marble', 'in', 'the', 'box', ""Let's"", 'think', 'step', 'by', 'step.']",no
"['First,', ""let's"", 'analyze', 'the', 'statements:', '1.', '""There', 'is', 'a', 'blue', 'marble', 'in', 'the', 'box', 'if', 'and', 'only', 'if', 'there', 'is', 'a', 'brown', 'marble', 'in', 'the', 'box""', '-', 'If', 'there', 'is', 'a', 'blue', 'marble', 'in', 'the', 'box,', 'then', 'there', 'is', 'a', 'brown', 'marble', 'in', 'the', 'box', '(and', 'vice', 'versa)', '2.', '""There', 'is', 'a', 'white', 'marble', 'in', 'the', 'box', 'if', 'and', 'only', 'if', 'there', 'is', 'a', 'green', 'marble', 'in', 'the', 'box""', '-', 'If', 'there', 'is', 'a', 'white', 'marble', 'in', 'the', 'box,', 'then', 'there', 'is', 'a', 'green', 'marble', 'in', 'the', 'box', '(and', 'vice', 'versa)', '3.', '""Either', 'there', 'is', 'a', 'brown', 'marble', 'in', 'the', 'box', 'or', 'else', 'there', 'is', 'a', 'white', 'marble', 'in', 'the', 'box,', 'but', 'not', 'both""', '-', 'We', 'can', 'break', 'this', 'statement', 'down', 'into', 'two', 'cases:', '-', 'If', 'there', 'is', 'a', 'brown', 'marble', 'in', 'the', 'box,', 'then', 'there', 'is', 'not', 'a', 'white', 'marble', 'in', 'the', 'box', '(because', 'they', 'cannot', 'both', 'be', 'true)', '-', 'If', 'there', 'is', 'not', 'a', 'brown', 'marble', 'in', 'the', 'box', '(i.e.,', 'the', '""else""', 'case),', 'then', 'there', 'is', 'a', 'white', 'marble', 'in', 'the', 'box', '4.', '""There', 'is', 'a', 'green', 'marble', 'in', 'the', 'box', 'if', 'and', 'only', 'if', 'there', 'is', 'a', 'purple', 'marble', 'in', 'the', 'box""', '-', 'If', 'there', 'is', 'a', 'green', 'marble', 'in', 'the', 'box,', 'then', 'there', 'is', 'a', 'purple', 'marble', 'in', 'the', 'box', '(and', 'vice', 'versa)', 'Now,', ""let's"", 'reason', 'through', 'the', 'conclusion:', '1.', '""If', 'there', 'is', 'a', 'blue', 'marble', 'in', 'the', 'box', 'then', 'there', 'is', 'a', 'purple', 'marble', 'in', 'the', 'box""', '-', 'To', 'prove', 'this,', 'we', 'need', 'to', 'show', 'that', 'if', 'there', 'is', 'a', 'blue', 'marble', 'in', 'the', 'box,', 'then', 'there', 'is', 'a', 'purple', 'marble', 'in', 'the', 'box', '-', ""We'll"", 'use', 'the', 'first', 'two', 'statements', 'to', 'help', 'us:', '-', 'If', 'there', 'is', 'a', 'blue', 'marble', 'in', 'the', 'box,', 'then', 'there', 'is', 'a', 'brown', 'marble', 'in', 'the', 'box', '(by', 'statement', '1)', '-', 'If', 'there', 'is', 'a', 'brown', 'marble', 'in', 'the', 'box,', 'then', 'there', 'is', 'a', 'purple', 'marble', 'in', 'the', 'box', '(by', 'statement', '4)', '-', 'Therefore,', 'if', 'there', 'is', 'a', 'blue', 'marble', 'in', 'the', 'box,', 'then', 'there', 'is', 'a', 'purple', 'marble', 'in', 'the', 'box', '(by', 'the', 'chain', 'of', 'implications)', '-', 'So,', 'we', 'can', 'say', 'that', 'the', 'conclusion', 'follows', 'logically', 'from', 'the', 'statements.', 'Conclusion:', 'True.']","['Explain', 'whether', 'the', 'conclusion', 'logically', 'follows', 'from', 'the', 'set', 'of', 'statements', 'below.', 'Please', 'report', 'all', 'your', 'reasoning', 'steps.', 'End', 'your', 'reasoning', 'with:', 'Conclusion:', 'True/False.', 'Statements:', 'There', 'is', 'a', 'blue', 'marble', 'in', 'the', 'box', 'if', 'and', 'only', 'if', 'there', 'is', 'a', 'brown', 'marble', 'in', 'the', 'box', 'There', 'is', 'a', 'white', 'marble', 'in', 'the', 'box', 'if', 'and', 'only', 'if', 'there', 'is', 'a', 'green', 'marble', 'in', 'the', 'box', 'Either', 'there', 'is', 'a', 'brown', 'marble', 'in', 'the', 'box', 'or', 'else', 'there', 'is', 'a', 'white', 'marble', 'in', 'the', 'box,', 'but', 'not', 'both', 'There', 'is', 'a', 'green', 'marble', 'in', 'the', 'box', 'if', 'and', 'only', 'if', 'there', 'is', 'a', 'purple', 'marble', 'in', 'the', 'box', 'Conclusion:', 'If', 'there', 'is', 'a', 'blue', 'marble', 'in', 'the', 'box', 'then', 'there', 'is', 'a', 'purple', 'marble', 'in', 'the', 'box', ""Let's"", 'think', 'step', 'by', 'step.', '<|assistant|>']",no
"['Okay,', ""I'm"", 'ready', 'to', 'solve', 'this', 'problem!', ""Here's"", 'my', 'reasoning', 'process:', '1.', 'Statement', '1:', '""There', 'is', 'a', 'purple', 'marble', 'in', 'the', 'box', 'if', 'and', 'only', 'if', 'there', 'is', 'a', 'blue', 'marble', 'in', 'the', 'box.""', '*', 'This', 'statement', 'tells', 'me', 'that', 'if', 'there', 'is', 'a', 'purple', 'marble', 'in', 'the', 'box,', 'then', 'there', 'must', 'also', 'be', 'a', 'blue', 'marble', 'in', 'the', 'box.', 'So,', 'I', 'will', 'assume', 'that', 'there', 'is', 'a', 'purple', 'marble', 'in', 'the', 'box', 'for', 'now.', '2.', 'Statement', '2:', '""There', 'is', 'a', 'blue', 'marble', 'in', 'the', 'box', 'if', 'and', 'only', 'if', 'there', 'is', 'an', 'olive', 'marble', 'in', 'the', 'box.""', '*', 'This', 'statement', 'tells', 'me', 'that', 'if', 'there', 'is', 'a', 'blue', 'marble', 'in', 'the', 'box,', 'then', 'there', 'must', 'also', 'be', 'an', 'olive', 'marble', 'in', 'the', 'box.', 'So,', 'I', 'will', 'assume', 'that', 'there', 'is', 'an', 'olive', 'marble', 'in', 'the', 'box.', '3.', 'Statement', '3:', '""Either', 'there', 'is', 'an', 'olive', 'marble', 'in', 'the', 'box', 'or', 'else', 'there', 'is', 'a', 'red', 'marble', 'in', 'the', 'box,', 'but', 'not', 'both.""', '*', 'This', 'statement', 'tells', 'me', 'that', 'there', 'can', 'be', 'only', 'one', 'of', 'either', 'an', 'olive', 'marble', 'or', 'a', 'red', 'marble', 'in', 'the', 'box.', 'So,', 'I', 'will', 'assume', 'that', 'there', 'is', 'no', 'red', 'marble', 'in', 'the', 'box.', '4.', 'Statement', '4:', '""Either', 'there', 'is', 'a', 'red', 'marble', 'in', 'the', 'box', 'or', 'else', 'there', 'is', 'a', 'green', 'marble', 'in', 'the', 'box,', 'but', 'not', 'both.""', '*', 'This', 'statement', 'tells', 'me', 'that', 'there', 'can', 'be', 'only', 'one', 'of', 'either', 'a', 'red', 'marble', 'or', 'a', 'green', 'marble', 'in', 'the', 'box.', 'So,', 'I', 'will', 'assume', 'that', 'there', 'is', 'no', 'green', 'marble', 'in', 'the', 'box.', '5.', 'Conclusion:', '""If', 'there', 'is', 'a', 'purple', 'marble', 'in', 'the', 'box', 'then', 'there', 'is', 'a', 'green', 'marble', 'in', 'the', 'box.""', '*', 'Based', 'on', 'my', 'assumptions,', 'if', 'there', 'is', 'a', 'purple', 'marble', 'in', 'the', 'box', '(which', 'I', 'have', 'assumed),', 'then', 'there', 'must', 'also', 'be', 'a', 'green', 'marble', 'in', 'the', 'box', '(by', 'statement', '1).', 'Therefore,', 'the', 'conclusion', 'logically', 'follows.', 'So,', 'my', 'answer', 'is:', 'Conclusion:', 'True.']","['Explain', 'whether', 'the', 'conclusion', 'logically', 'follows', 'from', 'the', 'set', 'of', 'statements', 'below.', 'Please', 'report', 'all', 'your', 'reasoning', 'steps.', 'End', 'your', 'reasoning', 'with:', 'Conclusion:', 'True/False.', 'Statements:', 'There', 'is', 'a', 'purple', 'marble', 'in', 'the', 'box', 'if', 'and', 'only', 'if', 'there', 'is', 'a', 'blue', 'marble', 'in', 'the', 'box', 'There', 'is', 'a', 'blue', 'marble', 'in', 'the', 'box', 'if', 'and', 'only', 'if', 'there', 'is', 'an', 'olive', 'marble', 'in', 'the', 'box', 'Either', 'there', 'is', 'an', 'olive', 'marble', 'in', 'the', 'box', 'or', 'else', 'there', 'is', 'a', 'red', 'marble', 'in', 'the', 'box,', 'but', 'not', 'both', 'Either', 'there', 'is', 'a', 'red', 'marble', 'in', 'the', 'box', 'or', 'else', 'there', 'is', 'a', 'green', 'marble', 'in', 'the', 'box,', 'but', 'not', 'both', 'Conclusion:', 'If', 'there', 'is', 'a', 'purple', 'marble', 'in', 'the', 'box', 'then', 'there', 'is', 'a', 'green', 'marble', 'in', 'the', 'box', ""Let's"", 'think', 'step', 'by', 'step.']",no
"['To', 'determine', 'if', 'the', 'conclusion', 'logically', 'follows', 'from', 'the', 'given', 'statements,', ""let's"", 'use', 'the', 'principles', 'of', 'logical', 'reasoning:', '1.', 'Read', 'the', 'statements', 'carefully', 'and', 'understand', 'their', 'meanings.', '2.', 'Identify', 'any', 'relationships', 'or', 'implications', 'between', 'the', 'statements.', '3.', 'Use', 'logical', 'reasoning', 'to', 'determine', 'if', 'the', 'conclusion', 'follows', 'from', 'the', 'statements.', 'Statement', '1:', 'There', 'is', 'a', 'purple', 'marble', 'in', 'the', 'box', 'if', 'and', 'only', 'if', 'there', 'is', 'a', 'blue', 'marble', 'in', 'the', 'box', 'Statement', '2:', 'There', 'is', 'a', 'blue', 'marble', 'in', 'the', 'box', 'if', 'and', 'only', 'if', 'there', 'is', 'an', 'olive', 'marble', 'in', 'the', 'box', 'Statement', '3:', 'Either', 'there', 'is', 'an', 'olive', 'marble', 'in', 'the', 'box', 'or', 'else', 'there', 'is', 'a', 'red', 'marble', 'in', 'the', 'box,', 'but', 'not', 'both', 'Statement', '4:', 'Either', 'there', 'is', 'a', 'red', 'marble', 'in', 'the', 'box', 'or', 'else', 'there', 'is', 'a', 'green', 'marble', 'in', 'the', 'box,', 'but', 'not', 'both', 'From', 'Statement', '1', 'and', 'Statement', '2,', 'we', 'know', 'that', 'there', 'is', 'a', 'bi-directional', 'relationship', 'between', 'purple', 'marbles', 'and', 'blue', 'marbles,', 'and', 'between', 'blue', 'marbles', 'and', 'olive', 'marbles.', 'This', 'forms', 'a', 'chain:', 'Purple', '->', 'Blue', '->', 'Olive.', 'Now,', ""let's"", 'consider', 'Statement', '3', 'and', 'Statement', '4.', 'These', 'statements', 'state', 'that', 'there', 'can', 'only', 'be', 'one', 'of', 'either', 'olive', 'or', 'red', 'marbles', 'in', 'the', 'box', 'at', 'a', 'time.', 'Similarly,', 'there', 'can', 'only', 'be', 'one', 'of', 'either', 'red', 'or', 'green', 'marbles', 'in', 'the', 'box', 'at', 'a', 'time.', 'Given', 'this', 'information,', ""it's"", 'clear', 'that', 'there', 'cannot', 'be', 'a', 'purple', 'marble', 'in', 'the', 'box,', 'since', 'that', 'would', 'require', 'both', 'a', 'blue', 'marble', '(Statement', '1)', 'and', 'an', 'olive', 'marble', '(Statement', '2)', 'to', 'be', 'present,', 'which', 'contradicts', 'Statement', '3.', 'However,', 'the', 'conclusion', 'states', 'that', '""If', 'there', 'is', 'a', 'purple', 'marble', 'in', 'the', 'box', 'then', 'there', 'is', 'a', 'green', 'marble', 'in', 'the', 'box.""', 'This', 'is', 'a', 'false', 'statement.', 'So,', 'the', 'conclusion', 'does', 'not', 'logically', 'follow', 'from', 'the', 'given', 'statements.', 'Conclusion:', 'False.']","['Explain', 'whether', 'the', 'conclusion', 'logically', 'follows', 'from', 'the', 'set', 'of', 'statements', 'below.', 'Please', 'report', 'all', 'your', 'reasoning', 'steps.', 'End', 'your', 'reasoning', 'with:', 'Conclusion:', 'True/False.', 'Statements:', 'There', 'is', 'a', 'purple', 'marble', 'in', 'the', 'box', 'if', 'and', 'only', 'if', 'there', 'is', 'a', 'blue', 'marble', 'in', 'the', 'box', 'There', 'is', 'a', 'blue', 'marble', 'in', 'the', 'box', 'if', 'and', 'only', 'if', 'there', 'is', 'an', 'olive', 'marble', 'in', 'the', 'box', 'Either', 'there', 'is', 'an', 'olive', 'marble', 'in', 'the', 'box', 'or', 'else', 'there', 'is', 'a', 'red', 'marble', 'in', 'the', 'box,', 'but', 'not', 'both', 'Either', 'there', 'is', 'a', 'red', 'marble', 'in', 'the', 'box', 'or', 'else', 'there', 'is', 'a', 'green', 'marble', 'in', 'the', 'box,', 'but', 'not', 'both', 'Conclusion:', 'If', 'there', 'is', 'a', 'purple', 'marble', 'in', 'the', 'box', 'then', 'there', 'is', 'a', 'green', 'marble', 'in', 'the', 'box', ""Let's"", 'think', 'step', 'by', 'step.']",no
"['Sure,', ""I'd"", 'be', 'happy', 'to', 'help!', ""Here's"", 'my', 'reasoning', 'process:', '1.', 'First,', 'I', 'will', 'analyze', 'the', 'first', 'statement:', '""There', 'is', 'a', 'blue', 'marble', 'in', 'the', 'box', 'if', 'and', 'only', 'if', 'there', 'is', 'a', 'brown', 'marble', 'in', 'the', 'box.""', 'This', 'statement', 'means', 'that', 'if', 'there', 'is', 'a', 'blue', 'marble', 'in', 'the', 'box,', 'then', 'there', 'must', 'also', 'be', 'a', 'brown', 'marble', 'in', 'the', 'box.', 'And', 'if', 'there', 'is', 'no', 'brown', 'marble', 'in', 'the', 'box,', 'then', 'there', 'cannot', 'be', 'a', 'blue', 'marble', 'in', 'the', 'box.', '2.', 'Next,', 'I', 'will', 'analyze', 'the', 'second', 'statement:', '""There', 'is', 'a', 'white', 'marble', 'in', 'the', 'box', 'if', 'and', 'only', 'if', 'there', 'is', 'a', 'green', 'marble', 'in', 'the', 'box.""', 'This', 'statement', 'means', 'that', 'if', 'there', 'is', 'a', 'white', 'marble', 'in', 'the', 'box,', 'then', 'there', 'must', 'also', 'be', 'a', 'green', 'marble', 'in', 'the', 'box.', 'And', 'if', 'there', 'is', 'no', 'green', 'marble', 'in', 'the', 'box,', 'then', 'there', 'cannot', 'be', 'a', 'white', 'marble', 'in', 'the', 'box.', '3.', 'Now,', 'I', 'will', 'analyze', 'the', 'third', 'statement:', '""Either', 'there', 'is', 'a', 'brown', 'marble', 'in', 'the', 'box', 'or', 'else', 'there', 'is', 'a', 'white', 'marble', 'in', 'the', 'box,', 'but', 'not', 'both.""', 'This', 'statement', 'means', 'that', 'if', 'there', 'is', 'a', 'brown', 'marble', 'in', 'the', 'box,', 'then', 'there', 'cannot', 'be', 'a', 'white', 'marble', 'in', 'the', 'box,', 'and', 'if', 'there', 'is', 'a', 'white', 'marble', 'in', 'the', 'box,', 'then', 'there', 'cannot', 'be', 'a', 'brown', 'marble', 'in', 'the', 'box.', '4.', 'Finally,', 'I', 'will', 'analyze', 'the', 'conclusion:', '""If', 'there', 'is', 'a', 'blue', 'marble', 'in', 'the', 'box', 'then', 'there', 'is', 'a', 'purple', 'marble', 'in', 'the', 'box.""', 'Based', 'on', 'the', 'previous', 'statements,', 'I', 'can', 'deduce', 'that', 'if', 'there', 'is', 'a', 'blue', 'marble', 'in', 'the', 'box,', 'then', 'there', 'must', 'also', 'be', 'a', 'brown', 'marble', 'in', 'the', 'box', '(by', 'the', 'first', 'statement).', 'And', 'if', 'there', 'is', 'a', 'brown', 'marble', 'in', 'the', 'box,', 'then', 'there', 'must', 'also', 'be', 'a', 'green', 'marble', 'in', 'the', 'box', '(by', 'the', 'second', 'statement).', 'Therefore,', 'the', 'conclusion', 'logically', 'follows', 'that', 'if', 'there', 'is', 'a', 'blue', 'marble', 'in', 'the', 'box,', 'then', 'there', 'is', 'a', 'purple', 'marble', 'in', 'the', 'box.', 'Conclusion:', 'True.', 'In', 'summary,', 'my', 'reasoning', 'process', 'was', 'as', 'follows:', '1.', 'Analyzed', 'the', 'first', 'statement', 'and', 'deduced', 'that', 'if', 'there', 'is', 'a', 'blue', 'marble', 'in', 'the', 'box,', 'then', 'there', 'must', 'also', 'be', 'a', 'brown', 'marble', 'in', 'the', 'box.', '2.', 'Analyzed', 'the', 'second', 'statement', 'and', 'deduced', 'that', 'if', 'there', 'is', 'a', 'white', 'marble', 'in', 'the', 'box,', 'then', 'there', 'must', 'also', 'be', 'a', 'green', 'marble', 'in', 'the', 'box.', '3.', 'Analyzed', 'the', 'third', 'statement', 'and', 'deduced', 'that', 'if', 'there', 'is', 'a', 'brown', 'marble', 'in', 'the', 'box,', 'then', 'there', 'cannot', 'be', 'a', 'white', 'marble', 'in', 'the', 'box,', 'and', 'if', 'there', 'is', 'a', 'white', 'marble', 'in', 'the', 'box,', 'then', 'there', 'cannot', 'be', 'a', 'brown', 'marble', 'in', 'the', 'box.', '4.', 'Analyzed', 'the', 'conclusion', 'and', 'deduced', 'that', 'if', 'there', 'is', 'a', 'blue', 'marble', 'in', 'the', 'box,', 'then', 'there', 'must', 'also', 'be', 'a', 'purple', 'marble', 'in', 'the', 'box.']","['Explain', 'whether', 'the', 'conclusion', 'logically', 'follows', 'from', 'the', 'set', 'of', 'statements', 'below.', 'Please', 'report', 'all', 'your', 'reasoning', 'steps.', 'End', 'your', 'reasoning', 'with:', 'Conclusion:', 'True/False.', 'Statements:', 'There', 'is', 'a', 'blue', 'marble', 'in', 'the', 'box', 'if', 'and', 'only', 'if', 'there', 'is', 'a', 'brown', 'marble', 'in', 'the', 'box', 'There', 'is', 'a', 'white', 'marble', 'in', 'the', 'box', 'if', 'and', 'only', 'if', 'there', 'is', 'a', 'green', 'marble', 'in', 'the', 'box', 'Either', 'there', 'is', 'a', 'brown', 'marble', 'in', 'the', 'box', 'or', 'else', 'there', 'is', 'a', 'white', 'marble', 'in', 'the', 'box,', 'but', 'not', 'both', 'There', 'is', 'a', 'green', 'marble', 'in', 'the', 'box', 'if', 'and', 'only', 'if', 'there', 'is', 'a', 'purple', 'marble', 'in', 'the', 'box', 'Conclusion:', 'If', 'there', 'is', 'a', 'blue', 'marble', 'in', 'the', 'box', 'then', 'there', 'is', 'a', 'purple', 'marble', 'in', 'the', 'box', ""Let's"", 'think', 'step', 'by', 'step.']",no
"['Sure,', ""I'd"", 'be', 'happy', 'to', 'help', 'with', 'this', 'experiment!', ""Here's"", 'my', 'reasoning', 'process', 'for', 'each', 'statement', 'and', 'the', 'conclusion:', '1.', 'There', 'is', 'a', 'red', 'marble', 'in', 'the', 'box', 'if', 'and', 'only', 'if', 'there', 'is', 'a', 'maroon', 'marble', 'in', 'the', 'box:', 'This', 'statement', 'is', 'saying', 'that', 'if', 'there', 'is', 'a', 'red', 'marble', 'in', 'the', 'box,', 'then', 'there', 'must', 'also', 'be', 'a', 'maroon', 'marble', 'in', 'the', 'box.', 'So,', 'if', 'we', 'know', 'that', 'there', 'is', 'a', 'red', 'marble', 'in', 'the', 'box,', 'we', 'can', 'conclude', 'that', 'there', 'is', 'also', 'a', 'maroon', 'marble', 'in', 'the', 'box.', '2.', 'Either', 'there', 'is', 'a', 'green', 'marble', 'in', 'the', 'box', 'or', 'else', 'there', 'is', 'an', 'olive', 'marble', 'in', 'the', 'box,', 'but', 'not', 'both:', 'This', 'statement', 'is', 'saying', 'that', 'there', 'cannot', 'be', 'both', 'a', 'green', 'marble', 'and', 'an', 'olive', 'marble', 'in', 'the', 'box', 'at', 'the', 'same', 'time.', 'So,', 'if', 'we', 'know', 'that', 'there', 'is', 'a', 'green', 'marble', 'in', 'the', 'box,', 'we', 'can', 'conclude', 'that', 'there', 'cannot', 'be', 'an', 'olive', 'marble', 'in', 'the', 'box.', '3.', 'There', 'is', 'a', 'maroon', 'marble', 'in', 'the', 'box', 'if', 'and', 'only', 'if', 'there', 'is', 'a', 'green', 'marble', 'in', 'the', 'box:', 'This', 'statement', 'is', 'saying', 'that', 'if', 'there', 'is', 'a', 'maroon', 'marble', 'in', 'the', 'box,', 'then', 'there', 'must', 'also', 'be', 'a', 'green', 'marble', 'in', 'the', 'box.', 'So,', 'if', 'we', 'know', 'that', 'there', 'is', 'a', 'maroon', 'marble', 'in', 'the', 'box,', 'we', 'can', 'conclude', 'that', 'there', 'is', 'also', 'a', 'green', 'marble', 'in', 'the', 'box.', '4.', 'Either', 'there', 'is', 'an', 'olive', 'marble', 'in', 'the', 'box', 'or', 'else', 'there', 'is', 'a', 'brown', 'marble', 'in', 'the', 'box,', 'but', 'not', 'both:', 'This', 'statement', 'is', 'saying', 'that', 'there', 'cannot', 'be', 'both', 'an', 'olive', 'marble', 'and', 'a', 'brown', 'marble', 'in', 'the', 'box', 'at', 'the', 'same', 'time.', 'So,', 'if', 'we', 'know', 'that', 'there', 'is', 'an', 'olive', 'marble', 'in', 'the', 'box,', 'we', 'can', 'conclude', 'that', 'there', 'cannot', 'be', 'a', 'brown', 'marble', 'in', 'the', 'box.', 'Now,', ""let's"", 'look', 'at', 'the', 'conclusion:', 'Conclusion:', 'If', 'there', 'is', 'a', 'red', 'marble', 'in', 'the', 'box', 'then', 'there', 'is', 'a', 'brown', 'marble', 'in', 'the', 'box.', 'Based', 'on', 'the', 'statements', ""we've"", 'been', 'given,', 'we', 'can', 'logically', 'deduce', 'that', 'this', 'conclusion', 'is', 'True.', ""Here's"", 'our', 'reasoning:', '*', 'If', 'there', 'is', 'a', 'red', 'marble', 'in', 'the', 'box', '(statement', '1),', 'then', 'there', 'must', 'also', 'be', 'a', 'maroon', 'marble', 'in', 'the', 'box', '(statement', '2).', '*', 'If', 'there', 'is', 'a', 'maroon', 'marble', 'in', 'the', 'box', '(statement', '3),', 'then', 'there', 'must', 'also', 'be', 'a', 'green', 'marble', 'in', 'the', 'box', '(statement', '3).', '*', 'If', 'there', 'is', 'a', 'green', 'marble', 'in', 'the', 'box', '(statement', '3),', 'then', 'there', 'cannot', 'be', 'an', 'olive', 'marble', 'in', 'the', 'box', '(statement', '4).', '*', 'If', 'there', 'is', 'no', 'olive', 'marble', 'in', 'the', 'box', '(statement', '4),', 'then', 'there', 'must', 'be', 'a', 'brown', 'marble', 'in', 'the', 'box', '(statement', '4).', 'Therefore,', 'we', 'can', 'conclude', 'that', 'if', 'there', 'is', 'a', 'red', 'marble', 'in', 'the', 'box,', 'then', 'there', 'is', 'a', 'brown', 'marble', 'in', 'the', 'box.', 'Conclusion:', 'True.']","['Explain', 'whether', 'the', 'conclusion', 'logically', 'follows', 'from', 'the', 'set', 'of', 'statements', 'below.', 'Please', 'report', 'all', 'your', 'reasoning', 'steps.', 'End', 'your', 'reasoning', 'with:', 'Conclusion:', 'True/False.', 'Statements:', 'There', 'is', 'a', 'red', 'marble', 'in', 'the', 'box', 'if', 'and', 'only', 'if', 'there', 'is', 'a', 'maroon', 'marble', 'in', 'the', 'box', 'Either', 'there', 'is', 'a', 'green', 'marble', 'in', 'the', 'box', 'or', 'else', 'there', 'is', 'an', 'olive', 'marble', 'in', 'the', 'box,', 'but', 'not', 'both', 'There', 'is', 'a', 'maroon', 'marble', 'in', 'the', 'box', 'if', 'and', 'only', 'if', 'there', 'is', 'a', 'green', 'marble', 'in', 'the', 'box', 'Either', 'there', 'is', 'an', 'olive', 'marble', 'in', 'the', 'box', 'or', 'else', 'there', 'is', 'a', 'brown', 'marble', 'in', 'the', 'box,', 'but', 'not', 'both', 'Conclusion:', 'If', 'there', 'is', 'a', 'red', 'marble', 'in', 'the', 'box', 'then', 'there', 'is', 'a', 'brown', 'marble', 'in', 'the', 'box', ""Let's"", 'think', 'step', 'by', 'step.']",yes
"['First', 'statement:', '""There', 'is', 'a', 'blue', 'marble', 'in', 'the', 'box', 'if', 'and', 'only', 'if', 'there', 'is', 'a', 'red', 'marble', 'in', 'the', 'box""', 'This', 'statement', 'establishes', 'a', 'relationship', 'between', 'the', 'presence', 'of', 'a', 'blue', 'marble', 'and', 'the', 'presence', 'of', 'a', 'red', 'marble', 'in', 'the', 'box.', 'It', 'says', 'that', 'either', 'both', 'marbles', 'are', 'present', 'or', 'neither', 'is', 'present.', 'Second', 'statement:', '""Either', 'there', 'is', 'a', 'red', 'marble', 'in', 'the', 'box', 'or', 'else', 'there', 'is', 'a', 'white', 'marble', 'in', 'the', 'box,', 'but', 'not', 'both""', 'This', 'statement', 'presents', 'us', 'with', 'two', 'mutually', 'exclusive', 'options.', 'Either', 'there', 'is', 'a', 'red', 'marble', 'in', 'the', 'box', 'or', 'there', 'is', 'a', 'white', 'marble', 'in', 'the', 'box,', 'but', 'not', 'both.', 'Third', 'statement:', '""There', 'is', 'a', 'white', 'marble', 'in', 'the', 'box', 'if', 'and', 'only', 'if', 'there', 'is', 'a', 'pink', 'marble', 'in', 'the', 'box""', 'This', 'statement', 'creates', 'another', 'relationship', 'between', 'the', 'presence', 'of', 'a', 'white', 'marble', 'and', 'the', 'presence', 'of', 'a', 'pink', 'marble', 'in', 'the', 'box.', 'Again,', 'either', 'both', 'marbles', 'are', 'present', 'or', 'neither', 'is', 'present.', 'Now,', ""let's"", 'analyze', 'the', 'conclusion:', '""If', 'there', 'is', 'not', 'a', 'blue', 'marble', 'in', 'the', 'box', 'then', 'there', 'is', 'a', 'pink', 'marble', 'in', 'the', 'box""', 'First,', 'we', 'need', 'to', 'understand', 'the', 'negation', 'of', 'the', 'first', 'statement:', '""If', 'there', 'is', 'not', 'a', 'blue', 'marble', 'in', 'the', 'box""', 'This', 'means', 'that', 'either', 'the', 'box', 'is', 'empty', 'or', 'there', 'is', 'a', 'red', 'marble', 'in', 'the', 'box.', 'Next,', 'we', 'combine', 'this', 'with', 'the', 'second', 'statement:', '""Either', 'there', 'is', 'a', 'red', 'marble', 'in', 'the', 'box', 'or', 'else', 'there', 'is', 'a', 'white', 'marble', 'in', 'the', 'box,', 'but', 'not', 'both""', 'If', 'the', 'box', 'is', 'not', 'empty,', 'then', 'either', 'there', 'is', 'a', 'red', 'marble', 'or', 'a', 'white', 'marble.', 'But', 'we', 'already', 'know', 'that', 'there', 'is', 'no', 'blue', 'marble.', 'So,', 'if', 'there', 'is', 'a', 'red', 'marble,', 'then', 'there', 'is', 'no', 'blue', 'marble,', 'and', 'we', ""can't"", 'have', 'both', 'a', 'red', 'and', 'a', 'blue', 'marble.', 'Therefore,', 'if', 'there', 'is', 'a', 'red', 'marble,', 'then', 'there', 'is', 'no', 'blue', 'marble,', 'and', 'we', ""can't"", 'have', 'both', 'a', 'red', 'and', 'a', 'blue', 'marble.', 'Now,', ""let's"", 'combine', 'this', 'with', 'the', 'third', 'statement:', '""There', 'is', 'a', 'white', 'marble', 'in', 'the', 'box', 'if', 'and', 'only', 'if', 'there', 'is', 'a', 'pink', 'marble', 'in', 'the', 'box""', 'If', 'there', 'is', 'no', 'blue', 'marble', 'and', 'there', 'is', 'a', 'red', 'marble,', 'then', 'there', 'is', 'no', 'white', 'marble,', 'and', 'there', 'is', 'no', 'pink', 'marble', 'either.', 'If', 'there', 'is', 'no', 'blue', 'marble', 'and', 'there', 'is', 'no', 'red', 'marble,', 'then', 'there', 'is', 'no', 'white', 'marble,', 'and', 'there', 'is', 'no', 'pink', 'marble', 'either.', 'So,', 'if', 'there', 'is', 'no', 'blue', 'marble,', 'then', 'there', 'is', 'no', 'pink', 'marble', 'either.', 'Conclusion:', '""If', 'there', 'is', 'not', 'a', 'blue', 'marble', 'in', 'the', 'box', 'then', 'there', 'is', 'a', 'pink', 'marble', 'in', 'the', 'box""', 'is', 'false.', 'The', 'conclusion', 'does', 'not', 'follow', 'logically', 'from', 'the', 'set', 'of', 'statements.', 'In', 'summary,', 'we', 'can', 'say', 'that', 'the', 'conclusion', 'is', 'false', 'because', 'if', 'there', 'is', 'no', 'blue', 'marble,', 'then', 'either', 'there', 'is', 'no', 'red', 'marble', 'and', 'there', 'is', 'no', 'pink', 'marble,', 'or', 'there', 'is', 'a', 'red', 'marble', 'and', 'there', 'is', 'no', 'pink', 'marble.', 'In', 'either', 'case,', 'there', 'is', 'no', 'pink', 'marble.', 'Therefore,', 'the', 'statement', '""If', 'there', 'is', 'not', 'a', 'blue', 'marble', 'in', 'the', 'box', 'then', 'there', 'is', 'a', 'pink', 'marble', 'in', 'the', 'box""', 'is', 'not', 'true.']","['Explain', 'whether', 'the', 'conclusion', 'logically', 'follows', 'from', 'the', 'set', 'of', 'statements', 'below.', 'Please', 'report', 'all', 'your', 'reasoning', 'steps.', 'End', 'your', 'reasoning', 'with:', 'Conclusion:', 'True/False.', 'Statements:', 'There', 'is', 'a', 'blue', 'marble', 'in', 'the', 'box', 'if', 'and', 'only', 'if', 'there', 'is', 'a', 'red', 'marble', 'in', 'the', 'box', 'Either', 'there', 'is', 'a', 'red', 'marble', 'in', 'the', 'box', 'or', 'else', 'there', 'is', 'a', 'white', 'marble', 'in', 'the', 'box,', 'but', 'not', 'both', 'There', 'is', 'a', 'white', 'marble', 'in', 'the', 'box', 'if', 'and', 'only', 'if', 'there', 'is', 'a', 'pink', 'marble', 'in', 'the', 'box', 'Conclusion:', 'If', 'there', 'is', 'not', 'a', 'blue', 'marble', 'in', 'the', 'box', 'then', 'there', 'is', 'a', 'pink', 'marble', 'in', 'the', 'box', ""Let's"", 'think', 'step', 'by', 'step.', '<|assistant|>']",no
"['Sure,', ""I'd"", 'be', 'happy', 'to', 'help!', ""Here's"", 'my', 'reasoning', 'process', 'step', 'by', 'step:', '1.', 'First,', ""I'll"", 'read', 'the', 'statements:', 'There', 'is', 'a', 'blue', 'marble', 'in', 'the', 'box', 'if', 'and', 'only', 'if', 'there', 'is', 'a', 'red', 'marble', 'in', 'the', 'box', 'Either', 'there', 'is', 'a', 'red', 'marble', 'in', 'the', 'box', 'or', 'else', 'there', 'is', 'a', 'white', 'marble', 'in', 'the', 'box,', 'but', 'not', 'both', 'There', 'is', 'a', 'white', 'marble', 'in', 'the', 'box', 'if', 'and', 'only', 'if', 'there', 'is', 'a', 'pink', 'marble', 'in', 'the', 'box', '2.', 'Next,', ""I'll"", 'analyze', 'the', 'statements', 'and', 'identify', 'the', 'key', 'information:', '*', 'Statement', '1:', 'There', 'is', 'a', 'blue', 'marble', 'in', 'the', 'box', 'if', 'and', 'only', 'if', 'there', 'is', 'a', 'red', 'marble', 'in', 'the', 'box', '*', 'Statement', '2:', 'Either', 'there', 'is', 'a', 'red', 'marble', 'in', 'the', 'box', 'or', 'else', 'there', 'is', 'a', 'white', 'marble', 'in', 'the', 'box,', 'but', 'not', 'both', '*', 'Statement', '3:', 'There', 'is', 'a', 'white', 'marble', 'in', 'the', 'box', 'if', 'and', 'only', 'if', 'there', 'is', 'a', 'pink', 'marble', 'in', 'the', 'box', '3.', 'Now,', ""I'll"", 'think', 'about', 'how', 'I', 'can', 'use', 'this', 'information', 'to', 'determine', 'the', 'conclusion:', 'The', 'conclusion', 'states', 'that', 'if', 'there', 'is', 'not', 'a', 'blue', 'marble', 'in', 'the', 'box,', 'then', 'there', 'is', 'a', 'pink', 'marble', 'in', 'the', 'box.', 'To', 'determine', 'if', 'this', 'conclusion', 'logically', 'follows', 'from', 'the', 'statements,', 'I', 'need', 'to', 'consider', 'all', 'possible', 'combinations', 'of', 'marbles', 'in', 'the', 'box.', '4.', ""Let's"", 'consider', 'the', 'possible', 'combinations:', 'a.', 'There', 'is', 'a', 'blue', 'marble', 'in', 'the', 'box', '(Statement', '1', 'is', 'true)', 'In', 'this', 'case,', 'there', 'is', 'also', 'a', 'red', 'marble', 'in', 'the', 'box', '(Statement', '1', 'implies', 'that', 'if', 'there', 'is', 'a', 'blue', 'marble,', 'there', 'is', 'also', 'a', 'red', 'marble).', 'So,', 'we', 'have', 'a', 'blue', 'marble', 'and', 'a', 'red', 'marble', 'in', 'the', 'box.', 'Since', 'there', 'is', 'no', 'mention', 'of', 'a', 'pink', 'marble,', 'we', 'cannot', 'conclude', 'that', 'there', 'is', 'a', 'pink', 'marble', 'in', 'the', 'box.', 'Therefore,', 'the', 'conclusion', 'does', 'not', 'logically', 'follow', 'from', 'this', 'combination', 'of', 'statements.', 'b.', 'There', 'is', 'no', 'blue', 'marble', 'in', 'the', 'box', '(Statement', '1', 'is', 'false)', 'In', 'this', 'case,', 'we', 'know', 'that', 'there', 'is', 'either', 'a', 'red', 'marble', 'or', 'a', 'white', 'marble', 'in', 'the', 'box', '(Statement', '2).', 'If', 'there', 'is', 'a', 'red', 'marble,', 'we', 'have', 'already', 'established', 'that', 'there', 'is', 'no', 'blue', 'marble,', 'so', 'we', 'can', 'conclude', 'that', 'there', 'is', 'a', 'red', 'marble', 'in', 'the', 'box.', 'If', 'there', 'is', 'a', 'white', 'marble,', 'we', 'know', 'that', 'there', 'is', 'no', 'blue', 'marble', 'and', 'no', 'red', 'marble', '(Statement', '2', 'implies', 'that', 'if', 'there', 'is', 'a', 'white', 'marble,', 'there', 'is', 'no', 'red', 'marble),', 'so', 'we', 'cannot', 'conclude', 'that', 'there', 'is', 'a', 'pink', 'marble', 'in', 'the', 'box.', 'Therefore,', 'the', 'conclusion', 'does', 'not', 'logically', 'follow', 'from', 'this', 'combination', 'of', 'statements', 'either.', '5.', 'Based', 'on', 'the', 'above', 'analysis,', 'I', 'conclude', 'that', 'the', 'conclusion', '""If', 'there', 'is', 'not', 'a', 'blue', 'marble', 'in', 'the', 'box', 'then', 'there', 'is', 'a', 'pink', 'marble', 'in', 'the', 'box""', 'does', 'not', 'logically', 'follow', 'from', 'the', 'given', 'statements.', 'Conclusion:', 'False.']","['Explain', 'whether', 'the', 'conclusion', 'logically', 'follows', 'from', 'the', 'set', 'of', 'statements', 'below.', 'Please', 'report', 'all', 'your', 'reasoning', 'steps.', 'End', 'your', 'reasoning', 'with:', 'Conclusion:', 'True/False.', 'Statements:', 'There', 'is', 'a', 'blue', 'marble', 'in', 'the', 'box', 'if', 'and', 'only', 'if', 'there', 'is', 'a', 'red', 'marble', 'in', 'the', 'box', 'Either', 'there', 'is', 'a', 'red', 'marble', 'in', 'the', 'box', 'or', 'else', 'there', 'is', 'a', 'white', 'marble', 'in', 'the', 'box,', 'but', 'not', 'both', 'There', 'is', 'a', 'white', 'marble', 'in', 'the', 'box', 'if', 'and', 'only', 'if', 'there', 'is', 'a', 'pink', 'marble', 'in', 'the', 'box', 'Conclusion:', 'If', 'there', 'is', 'not', 'a', 'blue', 'marble', 'in', 'the', 'box', 'then', 'there', 'is', 'a', 'pink', 'marble', 'in', 'the', 'box', ""Let's"", 'think', 'step', 'by', 'step.']",no
